topology,seed,noise,gamma,tick,size,lr2,mean_self,max_self,p95_self,std_self,mean_phi,max_phi,mean_R,mean_T,mean_E,mean_err,mean_self_pred_err
moore,1,0.04,0.0,1000,24,0.003,0.193367,0.903833,0.673824,0.323854,0.363157,0.785656,0.159806,0.660149,0.923018,0.030068,0.017568
moore,2,0.04,0.0,1000,24,0.003,0.174917,0.88208,0.705109,0.342034,0.358755,0.807549,0.13505,0.65854,0.921762,0.030136,0.017707
moore,3,0.04,0.0,1000,24,0.003,0.166618,0.869074,0.680766,0.326299,0.357378,0.734602,0.122747,0.659581,0.928943,0.030029,0.017595
moore,4,0.04,0.0,1000,24,0.003,0.192194,0.948131,0.673303,0.335961,0.362343,0.843742,0.154986,0.65808,0.924599,0.030005,0.017628
moore,5,0.04,0.0,1000,24,0.003,0.203857,0.899645,0.723504,0.343061,0.359309,0.813918,0.152603,0.659166,0.919472,0.030869,0.017553
moore,6,0.04,0.0,1000,24,0.003,0.19045,0.942894,0.726421,0.3465,0.358833,0.775936,0.163914,0.659543,0.919944,0.030433,0.017348
moore,7,0.04,0.0,1000,24,0.003,0.171681,0.961649,0.713253,0.353089,0.367984,0.875909,0.136913,0.658061,0.920444,0.030489,0.017943
moore,8,0.04,0.0,1000,24,0.003,0.206776,0.924779,0.726676,0.335514,0.366293,0.802885,0.165229,0.659169,0.919872,0.030762,0.017846
moore,9,0.04,0.0,1000,24,0.003,0.194595,0.896139,0.716952,0.337304,0.357111,0.921438,0.154577,0.662746,0.921038,0.029318,0.017653
moore,10,0.04,0.0,1000,24,0.003,0.196338,0.909221,0.678564,0.332271,0.364508,0.80287,0.151079,0.65791,0.922346,0.030033,0.017422
moore,11,0.04,0.0,1000,24,0.003,0.161658,0.892252,0.670194,0.334038,0.358888,0.840894,0.127975,0.65896,0.930274,0.029995,0.01747
moore,12,0.04,0.0,1000,24,0.003,0.181244,0.91363,0.669563,0.336891,0.35943,0.871979,0.141079,0.660558,0.924963,0.030244,0.017321
moore,13,0.04,0.0,1000,24,0.003,0.204283,0.898573,0.724381,0.3524,0.362838,0.744698,0.165951,0.660246,0.915279,0.030134,0.017875
moore,14,0.04,0.0,1000,24,0.003,0.210809,0.884263,0.712291,0.334318,0.355099,0.858872,0.170434,0.658503,0.91754,0.030494,0.017603
moore,15,0.04,0.0,1000,24,0.003,0.202409,0.892171,0.744739,0.331624,0.367084,0.812265,0.161965,0.66183,0.920075,0.029801,0.017832
moore,16,0.04,0.0,1000,24,0.003,0.218097,0.958182,0.729163,0.334211,0.374302,0.832973,0.171984,0.659749,0.920438,0.030088,0.017783
moore,17,0.04,0.0,1000,24,0.003,0.189033,0.896889,0.724665,0.343662,0.368039,0.874482,0.153792,0.659324,0.918777,0.030827,0.017676
moore,18,0.04,0.0,1000,24,0.003,0.188614,0.950652,0.727527,0.346515,0.34993,0.852552,0.139179,0.659349,0.924658,0.029419,0.017455
moore,19,0.04,0.0,1000,24,0.003,0.179201,0.950387,0.713334,0.354932,0.349996,0.784497,0.138069,0.658096,0.920496,0.030676,0.017532
moore,20,0.04,0.0,1000,24,0.003,0.215822,0.905509,0.707138,0.330799,0.370809,0.76994,0.167892,0.660357,0.921846,0.030541,0.017346
moore,1,0.08,0.0,1000,24,0.003,0.197313,0.954974,0.70271,0.330668,0.3081,0.687628,0.140203,0.661546,0.801841,0.044137,0.022279
moore,2,0.08,0.0,1000,24,0.003,0.175457,0.908615,0.695597,0.343815,0.315413,0.728496,0.11059,0.66003,0.797217,0.044599,0.022305
moore,3,0.08,0.0,1000,24,0.003,0.18107,0.916592,0.697238,0.324421,0.309981,0.710966,0.115133,0.660139,0.811136,0.044247,0.022249
moore,4,0.08,0.0,1000,24,0.003,0.197333,0.978681,0.677688,0.328229,0.31175,0.797028,0.135416,0.659721,0.803713,0.04459,0.022214
moore,5,0.08,0.0,1000,24,0.003,0.204744,0.917645,0.707719,0.34269,0.307494,0.764695,0.122929,0.659868,0.799294,0.045838,0.022336
moore,6,0.08,0.0,1000,24,0.003,0.197575,0.90176,0.696175,0.341652,0.310091,0.731055,0.134376,0.660917,0.791227,0.04492,0.02194
moore,7,0.08,0.0,1000,24,0.003,0.189403,0.918584,0.718577,0.342833,0.315713,0.760147,0.134884,0.659742,0.795393,0.044674,0.022342
moore,8,0.08,0.0,1000,24,0.003,0.200498,0.940189,0.713049,0.336106,0.308537,0.768503,0.129968,0.661389,0.79991,0.044831,0.022424
moore,9,0.08,0.0,1000,24,0.003,0.211955,0.946465,0.724464,0.342345,0.307715,0.842382,0.14853,0.663229,0.791024,0.043828,0.022217
moore,10,0.08,0.0,1000,24,0.003,0.209085,0.906893,0.726366,0.329334,0.314513,0.82087,0.137728,0.660019,0.797295,0.044426,0.02181
moore,11,0.08,0.0,1000,24,0.003,0.165753,0.905705,0.697961,0.337578,0.309223,0.769258,0.105889,0.661597,0.818743,0.043709,0.022138
moore,12,0.08,0.0,1000,24,0.003,0.192172,0.843184,0.709566,0.334015,0.310125,0.822156,0.134733,0.662807,0.804582,0.044132,0.021838
moore,13,0.08,0.0,1000,24,0.003,0.197796,0.864106,0.710095,0.343142,0.304787,0.75083,0.138631,0.661913,0.786842,0.044961,0.022528
moore,14,0.08,0.0,1000,24,0.003,0.207903,0.92801,0.713673,0.328047,0.306621,0.743614,0.135752,0.659005,0.783714,0.045648,0.021976
moore,15,0.08,0.0,1000,24,0.003,0.211234,0.945472,0.728932,0.333628,0.320399,0.77462,0.141239,0.662221,0.792355,0.044243,0.022382
moore,16,0.08,0.0,1000,24,0.003,0.207037,0.960404,0.734975,0.339634,0.315584,0.801322,0.135809,0.66003,0.795648,0.044452,0.022426
moore,17,0.08,0.0,1000,24,0.003,0.196225,0.923308,0.709307,0.341151,0.317143,0.779707,0.131554,0.661084,0.793916,0.045794,0.02219
moore,18,0.08,0.0,1000,24,0.003,0.202177,0.919631,0.726648,0.343949,0.296666,0.77894,0.121864,0.659382,0.8066,0.043029,0.022084
moore,19,0.08,0.0,1000,24,0.003,0.180904,0.960044,0.719124,0.351493,0.293886,0.74903,0.116576,0.659235,0.804796,0.04512,0.022172
moore,20,0.08,0.0,1000,24,0.003,0.236268,0.911893,0.718331,0.326116,0.324031,0.737699,0.152812,0.660737,0.790027,0.044632,0.022203
moore,1,0.12,0.0,1000,24,0.003,0.19674,0.94024,0.710665,0.333571,0.274089,0.651532,0.122309,0.662262,0.717629,0.06078,0.028441
moore,2,0.12,0.0,1000,24,0.003,0.179815,0.901852,0.691312,0.344094,0.288162,0.64688,0.098118,0.660784,0.706991,0.061431,0.028274
moore,3,0.12,0.0,1000,24,0.003,0.187215,0.880782,0.695657,0.329893,0.28064,0.739462,0.107079,0.660343,0.724811,0.060824,0.028275
moore,4,0.12,0.0,1000,24,0.003,0.203297,0.977128,0.703038,0.322727,0.282239,0.711919,0.125693,0.660589,0.715512,0.061643,0.028279
moore,5,0.12,0.0,1000,24,0.003,0.205051,0.880322,0.705961,0.342065,0.277323,0.770959,0.106726,0.659948,0.717567,0.063207,0.028531
moore,6,0.12,0.0,1000,24,0.003,0.203762,0.901795,0.725939,0.340485,0.281145,0.723349,0.114133,0.660898,0.698937,0.062004,0.028072
moore,7,0.12,0.0,1000,24,0.003,0.198342,0.874345,0.724232,0.336927,0.282098,0.73898,0.13144,0.661152,0.707017,0.061193,0.028144
moore,8,0.12,0.0,1000,24,0.003,0.198462,0.945805,0.726103,0.333878,0.276101,0.755525,0.110205,0.662816,0.718731,0.061202,0.028434
moore,9,0.12,0.0,1000,24,0.003,0.214498,0.939783,0.73754,0.344319,0.276202,0.862825,0.139796,0.662694,0.703923,0.061055,0.028303
moore,10,0.12,0.0,1000,24,0.003,0.215131,0.886677,0.711386,0.327469,0.283287,0.824921,0.12651,0.660793,0.708164,0.061317,0.02754
moore,11,0.12,0.0,1000,24,0.003,0.168849,0.949316,0.711446,0.342519,0.27969,0.734053,0.094812,0.662938,0.738349,0.059833,0.02826
moore,12,0.12,0.0,1000,24,0.003,0.195923,0.898541,0.715977,0.336582,0.278862,0.737954,0.128107,0.663649,0.715119,0.060385,0.027722
moore,13,0.12,0.0,1000,24,0.003,0.189611,0.886465,0.685079,0.340779,0.271864,0.734947,0.117695,0.661828,0.701621,0.062343,0.028601
moore,14,0.12,0.0,1000,24,0.003,0.207295,0.91155,0.701421,0.324484,0.277,0.787544,0.114967,0.660223,0.689758,0.063231,0.02771
moore,15,0.12,0.0,1000,24,0.003,0.216406,0.941092,0.726257,0.334146,0.291205,0.736863,0.126388,0.662912,0.70307,0.061415,0.028386
moore,16,0.12,0.0,1000,24,0.003,0.204491,0.948985,0.718317,0.34049,0.280705,0.699509,0.117491,0.660211,0.710637,0.061304,0.028532
moore,17,0.12,0.0,1000,24,0.003,0.195938,0.940065,0.719666,0.337445,0.285607,0.708255,0.115329,0.66345,0.706424,0.063043,0.028147
moore,18,0.12,0.0,1000,24,0.003,0.208256,0.941622,0.734388,0.347219,0.267005,0.745815,0.111918,0.659972,0.726347,0.05903,0.028092
moore,19,0.12,0.0,1000,24,0.003,0.184876,0.934964,0.710499,0.344256,0.26321,0.712093,0.107086,0.6604,0.725342,0.061874,0.028242
moore,20,0.12,0.0,1000,24,0.003,0.242437,0.937698,0.710183,0.325398,0.293323,0.689245,0.139074,0.6607,0.6923,0.061295,0.028518
moore,1,0.2,0.0,1000,24,0.003,0.198164,0.900586,0.701192,0.334522,0.245695,0.700694,0.107052,0.663105,0.637951,0.096261,0.042401
moore,2,0.2,0.0,1000,24,0.003,0.187192,0.875488,0.680819,0.342003,0.264453,0.688667,0.090526,0.662195,0.616072,0.097134,0.041792
moore,3,0.2,0.0,1000,24,0.003,0.193555,0.884576,0.707839,0.332498,0.255034,0.746133,0.101556,0.661301,0.638466,0.096,0.041907
moore,4,0.2,0.0,1000,24,0.003,0.209184,0.94915,0.704828,0.318319,0.257963,0.673224,0.118876,0.661909,0.624809,0.097798,0.042116
moore,5,0.2,0.0,1000,24,0.003,0.208532,0.871114,0.705692,0.341121,0.252402,0.79879,0.097501,0.659967,0.636239,0.099956,0.042512
moore,6,0.2,0.0,1000,24,0.003,0.210364,0.8962,0.731323,0.34085,0.256784,0.771275,0.096249,0.660858,0.606377,0.098351,0.042091
moore,7,0.2,0.0,1000,24,0.003,0.203381,0.909699,0.710019,0.333986,0.252606,0.731346,0.125254,0.662564,0.623274,0.096235,0.041463
moore,8,0.2,0.0,1000,24,0.003,0.196837,0.915453,0.703049,0.328222,0.249408,0.769048,0.093786,0.663478,0.639138,0.095961,0.042136
moore,9,0.2,0.0,1000,24,0.003,0.211845,0.908853,0.739548,0.340218,0.248656,0.804427,0.127657,0.662119,0.62634,0.097738,0.042232
moore,10,0.2,0.0,1000,24,0.003,0.217291,0.895143,0.709881,0.326875,0.256113,0.780605,0.113352,0.661248,0.622228,0.097235,0.04064
moore,11,0.2,0.0,1000,24,0.003,0.169603,0.935112,0.710665,0.34299,0.254346,0.644158,0.085522,0.662953,0.657648,0.094206,0.042176
moore,12,0.2,0.0,1000,24,0.003,0.196348,0.916608,0.714391,0.338185,0.250931,0.66462,0.120798,0.66427,0.627565,0.09495,0.04112
moore,13,0.2,0.0,1000,24,0.003,0.181416,0.916657,0.670522,0.336604,0.244417,0.779095,0.098863,0.66221,0.623284,0.099234,0.042396
moore,14,0.2,0.0,1000,24,0.003,0.207776,0.881643,0.692544,0.32604,0.251933,0.695993,0.098199,0.661372,0.600422,0.100364,0.040803
moore,15,0.2,0.0,1000,24,0.003,0.220655,0.898543,0.737869,0.339787,0.265409,0.749424,0.112463,0.66354,0.615461,0.098087,0.042098
moore,16,0.2,0.0,1000,24,0.003,0.206741,0.921166,0.71517,0.339234,0.251906,0.652543,0.105891,0.660371,0.630724,0.097132,0.04244
moore,17,0.2,0.0,1000,24,0.003,0.190517,0.884752,0.695068,0.336636,0.258083,0.682012,0.09844,0.665211,0.6229,0.099457,0.041741
moore,18,0.2,0.0,1000,24,0.003,0.21291,0.936801,0.744648,0.351686,0.24275,0.666264,0.104258,0.660288,0.649542,0.093107,0.041713
moore,19,0.2,0.0,1000,24,0.003,0.187364,0.93112,0.723661,0.340823,0.239085,0.67844,0.099699,0.661565,0.648736,0.097381,0.04201
moore,20,0.2,0.0,1000,24,0.003,0.243326,0.977305,0.718021,0.326204,0.265782,0.720093,0.123583,0.660289,0.596677,0.096823,0.042781
moore,1,0.3,0.0,1000,24,0.003,0.201443,0.893298,0.70628,0.334265,0.234223,0.73106,0.102306,0.66378,0.602808,0.141561,0.0607
moore,2,0.3,0.0,1000,24,0.003,0.193453,0.893281,0.69495,0.338463,0.254634,0.668769,0.089511,0.663232,0.574709,0.142592,0.059505
moore,3,0.3,0.0,1000,24,0.003,0.196932,0.89495,0.696052,0.332978,0.244075,0.74962,0.100039,0.662103,0.598008,0.140843,0.059789
moore,4,0.3,0.0,1000,24,0.003,0.21125,0.914658,0.714172,0.316469,0.248144,0.697044,0.116333,0.662691,0.581497,0.1438,0.060299
moore,5,0.3,0.0,1000,24,0.003,0.211144,0.868754,0.709389,0.341634,0.242439,0.800961,0.095378,0.659894,0.598939,0.146692,0.060832
moore,6,0.3,0.0,1000,24,0.003,0.215163,0.943373,0.729076,0.338571,0.247053,0.742362,0.089589,0.661092,0.562996,0.144678,0.060543
moore,7,0.3,0.0,1000,24,0.003,0.204532,0.900485,0.7146,0.335524,0.240233,0.714997,0.121769,0.662796,0.585886,0.140883,0.059069
moore,8,0.3,0.0,1000,24,0.003,0.196015,0.919195,0.68985,0.324847,0.238164,0.67016,0.086846,0.663533,0.603177,0.140295,0.060166
moore,9,0.3,0.0,1000,24,0.003,0.208145,0.914631,0.733005,0.335114,0.237049,0.739707,0.119815,0.662314,0.594606,0.144503,0.060569
moore,10,0.3,0.0,1000,24,0.003,0.216386,0.90319,0.698255,0.327419,0.244495,0.730136,0.105933,0.661757,0.583149,0.143038,0.057914
moore,11,0.3,0.0,1000,24,0.003,0.17001,0.959838,0.708026,0.342339,0.243428,0.642941,0.082688,0.662495,0.619639,0.138138,0.060462
moore,12,0.3,0.0,1000,24,0.003,0.195028,0.900887,0.717222,0.339569,0.238813,0.658925,0.117722,0.664198,0.589435,0.13905,0.058767
moore,13,0.3,0.0,1000,24,0.003,0.178224,0.927797,0.686266,0.333086,0.232893,0.791439,0.092099,0.662358,0.589257,0.146211,0.060505
moore,14,0.3,0.0,1000,24,0.003,0.209185,0.886136,0.691629,0.327964,0.241836,0.597257,0.09203,0.661815,0.561077,0.147521,0.058032
moore,15,0.3,0.0,1000,24,0.003,0.224371,0.893217,0.736727,0.345803,0.254043,0.740678,0.107816,0.663462,0.575351,0.14489,0.060153
moore,16,0.3,0.0,1000,24,0.003,0.209808,0.916426,0.728979,0.339387,0.240185,0.65431,0.103024,0.66045,0.594707,0.1428,0.060731
moore,17,0.3,0.0,1000,24,0.003,0.186993,0.913291,0.696332,0.338341,0.246229,0.652447,0.09081,0.665364,0.587198,0.145736,0.059631
moore,18,0.3,0.0,1000,24,0.003,0.215678,0.928098,0.753361,0.352983,0.232848,0.603017,0.102359,0.660444,0.614868,0.136585,0.059596
moore,19,0.3,0.0,1000,24,0.003,0.187934,0.93773,0.738636,0.339092,0.229948,0.668195,0.097772,0.661895,0.612969,0.142601,0.060083
moore,20,0.3,0.0,1000,24,0.003,0.243065,0.972041,0.711691,0.326198,0.253631,0.732788,0.116935,0.660367,0.55548,0.142167,0.061425
moore,1,0.04,0.01,1000,24,0.003,0.194217,0.904368,0.673923,0.323568,0.363539,0.785384,0.160594,0.660302,0.922934,0.030083,0.017565
moore,2,0.04,0.01,1000,24,0.003,0.175819,0.883137,0.705748,0.341916,0.359118,0.808118,0.13583,0.658681,0.921679,0.03015,0.017704
moore,3,0.04,0.01,1000,24,0.003,0.167508,0.869283,0.6807,0.32615,0.357734,0.73511,0.123538,0.659728,0.928866,0.030043,0.017593
moore,4,0.04,0.01,1000,24,0.003,0.193054,0.948335,0.673289,0.335885,0.362692,0.84476,0.155711,0.65822,0.924524,0.03002,0.017624
moore,5,0.04,0.01,1000,24,0.003,0.204769,0.899165,0.723537,0.342779,0.359699,0.813488,0.153433,0.659317,0.919378,0.03088,0.01755
moore,6,0.04,0.01,1000,24,0.003,0.191341,0.94333,0.726578,0.346313,0.359184,0.777151,0.164718,0.659699,0.919855,0.030445,0.017346
moore,7,0.04,0.01,1000,24,0.003,0.172496,0.961975,0.713542,0.352944,0.368346,0.876142,0.137632,0.658209,0.920364,0.030504,0.017939
moore,8,0.04,0.01,1000,24,0.003,0.207614,0.923671,0.726763,0.33534,0.366648,0.803077,0.165904,0.659312,0.919783,0.030774,0.017843
moore,9,0.04,0.01,1000,24,0.003,0.195405,0.896459,0.718201,0.337096,0.357476,0.921214,0.155292,0.662893,0.920932,0.02933,0.017648
moore,10,0.04,0.01,1000,24,0.003,0.197239,0.909998,0.679021,0.332138,0.364899,0.803273,0.151861,0.658063,0.92226,0.030051,0.01742
moore,11,0.04,0.01,1000,24,0.003,0.162569,0.891654,0.670568,0.333949,0.359285,0.84081,0.128791,0.659104,0.930199,0.030009,0.017468
moore,12,0.04,0.01,1000,24,0.003,0.182143,0.914249,0.670497,0.336783,0.35977,0.872376,0.141844,0.660695,0.92488,0.030258,0.017318
moore,13,0.04,0.01,1000,24,0.003,0.205177,0.898817,0.724891,0.352276,0.363205,0.745243,0.166763,0.660384,0.915189,0.030146,0.017872
moore,14,0.04,0.01,1000,24,0.003,0.211598,0.884277,0.71229,0.334252,0.355478,0.858819,0.171137,0.658632,0.917451,0.030507,0.0176
moore,15,0.04,0.01,1000,24,0.003,0.203328,0.89244,0.745556,0.331431,0.367492,0.811793,0.162764,0.661984,0.919988,0.029812,0.017827
moore,16,0.04,0.01,1000,24,0.003,0.218955,0.958232,0.729205,0.334039,0.374692,0.834827,0.172747,0.659888,0.920339,0.030105,0.017779
moore,17,0.04,0.01,1000,24,0.003,0.189805,0.897411,0.724466,0.343483,0.368396,0.874539,0.154479,0.659462,0.918693,0.030842,0.017672
moore,18,0.04,0.01,1000,24,0.003,0.189485,0.950842,0.728493,0.346397,0.350295,0.852428,0.139912,0.659499,0.924571,0.029433,0.017451
moore,19,0.04,0.01,1000,24,0.003,0.180077,0.950589,0.713849,0.354858,0.350329,0.784916,0.138802,0.658239,0.920413,0.030689,0.017528
moore,20,0.04,0.01,1000,24,0.003,0.216639,0.905868,0.707161,0.330731,0.371197,0.771167,0.168665,0.6605,0.921765,0.03056,0.017343
moore,1,0.08,0.01,1000,24,0.003,0.198176,0.955164,0.703173,0.330436,0.308411,0.688677,0.140901,0.661697,0.801637,0.044157,0.022275
moore,2,0.08,0.01,1000,24,0.003,0.176383,0.908945,0.695814,0.343665,0.315746,0.729233,0.111259,0.660186,0.796994,0.04462,0.022301
moore,3,0.08,0.01,1000,24,0.003,0.181963,0.916782,0.698094,0.324321,0.310306,0.710596,0.115829,0.660293,0.810914,0.044267,0.022247
moore,4,0.08,0.01,1000,24,0.003,0.198213,0.978731,0.677497,0.328056,0.312067,0.797986,0.136047,0.659868,0.803503,0.04461,0.022208
moore,5,0.08,0.01,1000,24,0.003,0.205633,0.917137,0.70786,0.342461,0.307852,0.765335,0.123653,0.660009,0.799047,0.045853,0.022332
moore,6,0.08,0.01,1000,24,0.003,0.198417,0.902273,0.697497,0.341465,0.310417,0.732286,0.135053,0.661083,0.790994,0.044939,0.021937
moore,7,0.08,0.01,1000,24,0.003,0.190233,0.918839,0.719088,0.342692,0.316041,0.759893,0.135509,0.659891,0.795189,0.044695,0.022338
moore,8,0.08,0.01,1000,24,0.003,0.20135,0.940766,0.7138,0.336016,0.308863,0.769809,0.130556,0.661539,0.799675,0.044848,0.02242
moore,9,0.08,0.01,1000,24,0.003,0.21276,0.946994,0.725041,0.342264,0.308029,0.842512,0.149114,0.663381,0.790747,0.043843,0.022213
moore,10,0.08,0.01,1000,24,0.003,0.209996,0.907263,0.72704,0.329149,0.314875,0.820222,0.138401,0.660178,0.797051,0.04445,0.021807
moore,11,0.08,0.01,1000,24,0.003,0.166709,0.906374,0.698263,0.337455,0.309596,0.770691,0.106655,0.66174,0.818515,0.043728,0.022136
moore,12,0.08,0.01,1000,24,0.003,0.193092,0.844223,0.710257,0.333857,0.310418,0.82048,0.135416,0.662956,0.80438,0.044149,0.021836
moore,13,0.08,0.01,1000,24,0.003,0.198677,0.864262,0.712023,0.343058,0.305106,0.750781,0.139297,0.662067,0.786617,0.044979,0.022524
moore,14,0.08,0.01,1000,24,0.003,0.208665,0.927773,0.714417,0.327993,0.306961,0.744784,0.13634,0.659138,0.783468,0.045666,0.021974
moore,15,0.08,0.01,1000,24,0.003,0.21217,0.945891,0.729855,0.333399,0.320779,0.774824,0.141985,0.662382,0.792108,0.044261,0.022377
moore,16,0.08,0.01,1000,24,0.003,0.207879,0.960218,0.734781,0.339471,0.31594,0.804019,0.136467,0.66018,0.795391,0.044476,0.022422
moore,17,0.08,0.01,1000,24,0.003,0.197005,0.92371,0.709793,0.340995,0.317452,0.779421,0.132127,0.661237,0.793727,0.045814,0.022186
moore,18,0.08,0.01,1000,24,0.003,0.203052,0.919503,0.727203,0.343824,0.296984,0.779622,0.122484,0.659537,0.806379,0.043047,0.02208
moore,19,0.08,0.01,1000,24,0.003,0.181851,0.959916,0.719658,0.35137,0.294197,0.750119,0.11727,0.659395,0.804584,0.045136,0.022167
moore,20,0.08,0.01,1000,24,0.003,0.237063,0.912101,0.719077,0.326015,0.324378,0.737261,0.153459,0.660887,0.789798,0.044657,0.022198
moore,1,0.12,0.01,1000,24,0.003,0.197614,0.940227,0.710756,0.333401,0.274359,0.652179,0.122935,0.662406,0.71734,0.060806,0.028436
moore,2,0.12,0.01,1000,24,0.003,0.180759,0.901472,0.69134,0.343924,0.288481,0.647426,0.098726,0.660942,0.706665,0.061461,0.028271
moore,3,0.12,0.01,1000,24,0.003,0.188103,0.880367,0.694973,0.329849,0.28094,0.740221,0.107703,0.660497,0.72448,0.060852,0.028272
moore,4,0.12,0.01,1000,24,0.003,0.204196,0.977106,0.703097,0.322509,0.282539,0.712112,0.126273,0.660734,0.715201,0.061669,0.028272
moore,5,0.12,0.01,1000,24,0.003,0.205926,0.879036,0.705787,0.341917,0.277654,0.771567,0.107373,0.660099,0.717199,0.063227,0.028526
moore,6,0.12,0.01,1000,24,0.003,0.204583,0.902329,0.726607,0.340335,0.28146,0.723425,0.114737,0.661067,0.698603,0.062031,0.028069
moore,7,0.12,0.01,1000,24,0.003,0.199185,0.875074,0.723467,0.336774,0.282407,0.738757,0.13201,0.661302,0.706706,0.061222,0.028139
moore,8,0.12,0.01,1000,24,0.003,0.199315,0.946283,0.727296,0.333799,0.276407,0.756117,0.110746,0.662967,0.718385,0.061226,0.028429
moore,9,0.12,0.01,1000,24,0.003,0.215322,0.940664,0.739076,0.34427,0.276485,0.863533,0.140319,0.662849,0.703542,0.061073,0.028298
moore,10,0.12,0.01,1000,24,0.003,0.216074,0.886678,0.711994,0.327244,0.283628,0.824038,0.127146,0.66095,0.707794,0.061349,0.027538
moore,11,0.12,0.01,1000,24,0.003,0.1698,0.94982,0.712464,0.342373,0.28004,0.733821,0.095506,0.663085,0.738001,0.059856,0.028257
moore,12,0.12,0.01,1000,24,0.003,0.196856,0.899044,0.715718,0.336399,0.279134,0.736164,0.128728,0.663803,0.714822,0.060407,0.027719
moore,13,0.12,0.01,1000,24,0.003,0.190512,0.886774,0.685158,0.340705,0.272155,0.736859,0.118297,0.661991,0.701289,0.062368,0.028597
moore,14,0.12,0.01,1000,24,0.003,0.208033,0.908907,0.701142,0.324407,0.277313,0.787474,0.115475,0.660358,0.689395,0.063255,0.027708
moore,15,0.12,0.01,1000,24,0.003,0.217326,0.941297,0.726749,0.333909,0.291563,0.737289,0.127076,0.663083,0.702684,0.061439,0.028381
moore,16,0.12,0.01,1000,24,0.003,0.205324,0.948581,0.718095,0.340351,0.281032,0.702115,0.118084,0.660363,0.710259,0.061336,0.028527
moore,17,0.12,0.01,1000,24,0.003,0.196721,0.940662,0.720336,0.337352,0.285887,0.708595,0.115832,0.663606,0.706146,0.063067,0.028142
moore,18,0.12,0.01,1000,24,0.003,0.20912,0.941367,0.735123,0.3471,0.267296,0.745892,0.112464,0.660129,0.726027,0.059056,0.028089
moore,19,0.12,0.01,1000,24,0.003,0.185849,0.935442,0.711061,0.344065,0.263505,0.713423,0.107744,0.660563,0.725024,0.061895,0.028237
moore,20,0.12,0.01,1000,24,0.003,0.24322,0.938328,0.710687,0.325285,0.293637,0.689724,0.139642,0.660859,0.691943,0.061327,0.028511
moore,1,0.2,0.01,1000,24,0.003,0.199047,0.900331,0.701847,0.334355,0.245933,0.701356,0.10761,0.663247,0.63756,0.096301,0.042395
moore,2,0.2,0.01,1000,24,0.003,0.188182,0.875687,0.681364,0.341788,0.264759,0.688989,0.091105,0.662353,0.615616,0.097182,0.041787
moore,3,0.2,0.01,1000,24,0.003,0.194443,0.883761,0.70754,0.33242,0.255311,0.74655,0.102133,0.661453,0.638012,0.096044,0.041902
moore,4,0.2,0.01,1000,24,0.003,0.210086,0.949139,0.705768,0.318077,0.258246,0.673534,0.119404,0.662052,0.624381,0.097838,0.042107
moore,5,0.2,0.01,1000,24,0.003,0.209423,0.870517,0.706592,0.340986,0.252707,0.799385,0.098096,0.660129,0.635727,0.099985,0.042505
moore,6,0.2,0.01,1000,24,0.003,0.211178,0.896802,0.731784,0.340723,0.257091,0.771879,0.096802,0.661028,0.605914,0.098396,0.042086
moore,7,0.2,0.01,1000,24,0.003,0.204261,0.910899,0.709801,0.333847,0.252901,0.730839,0.125791,0.662721,0.622822,0.096279,0.041455
moore,8,0.2,0.01,1000,24,0.003,0.197693,0.915559,0.704363,0.32815,0.249695,0.769804,0.094296,0.66363,0.638686,0.095998,0.042128
moore,9,0.2,0.01,1000,24,0.003,0.212709,0.91006,0.740318,0.340146,0.248915,0.803908,0.128153,0.662277,0.62585,0.097764,0.042226
moore,10,0.2,0.01,1000,24,0.003,0.218254,0.895311,0.71045,0.326632,0.256436,0.779833,0.113947,0.661406,0.621713,0.097283,0.040636
moore,11,0.2,0.01,1000,24,0.003,0.170556,0.93476,0.70982,0.342822,0.254669,0.644399,0.086154,0.66311,0.657172,0.09424,0.042171
moore,12,0.2,0.01,1000,24,0.003,0.197291,0.917748,0.716144,0.338006,0.251189,0.664751,0.12136,0.664435,0.627142,0.094981,0.041116
moore,13,0.2,0.01,1000,24,0.003,0.182329,0.9173,0.67045,0.336495,0.244687,0.780474,0.099413,0.66238,0.622838,0.099274,0.042391
moore,14,0.2,0.01,1000,24,0.003,0.208521,0.882001,0.692968,0.325949,0.252224,0.695637,0.098658,0.661513,0.599929,0.100401,0.040799
moore,15,0.2,0.01,1000,24,0.003,0.221566,0.899188,0.738651,0.339573,0.265748,0.749944,0.113104,0.663713,0.614919,0.098125,0.042092
moore,16,0.2,0.01,1000,24,0.003,0.207577,0.921184,0.715654,0.33909,0.252201,0.652612,0.106429,0.660526,0.630233,0.097179,0.042432
moore,17,0.2,0.01,1000,24,0.003,0.191313,0.885147,0.694554,0.336603,0.258339,0.682071,0.098888,0.665368,0.622508,0.099493,0.041734
moore,18,0.2,0.01,1000,24,0.003,0.213776,0.936582,0.745994,0.35157,0.243017,0.666673,0.104752,0.66045,0.649107,0.093146,0.041708
moore,19,0.2,0.01,1000,24,0.003,0.188368,0.9302,0.724596,0.340594,0.239359,0.678326,0.100324,0.661735,0.648279,0.097412,0.042002
moore,20,0.2,0.01,1000,24,0.003,0.244113,0.977345,0.718057,0.326072,0.266062,0.720631,0.124091,0.660453,0.596178,0.09687,0.04277
moore,1,0.3,0.01,1000,24,0.003,0.202341,0.893971,0.706887,0.334081,0.234449,0.731742,0.102845,0.663927,0.602364,0.141619,0.06069
moore,2,0.3,0.01,1000,24,0.003,0.194486,0.893321,0.69499,0.338232,0.254936,0.669349,0.090106,0.663393,0.574177,0.142662,0.059497
moore,3,0.3,0.01,1000,24,0.003,0.197843,0.895231,0.69574,0.332871,0.244342,0.749951,0.100609,0.662255,0.59749,0.140907,0.059781
moore,4,0.3,0.01,1000,24,0.003,0.212167,0.914758,0.713506,0.316231,0.248418,0.697388,0.11685,0.662835,0.580994,0.143857,0.060285
moore,5,0.3,0.01,1000,24,0.003,0.212056,0.868108,0.710096,0.341477,0.242731,0.801535,0.095958,0.660061,0.598359,0.146735,0.060821
moore,6,0.3,0.01,1000,24,0.003,0.215997,0.943983,0.728776,0.338423,0.247357,0.743254,0.090135,0.661265,0.562457,0.144746,0.060534
moore,7,0.3,0.01,1000,24,0.003,0.205452,0.900724,0.715428,0.335401,0.240525,0.714428,0.12231,0.662957,0.585359,0.140947,0.059058
moore,8,0.3,0.01,1000,24,0.003,0.196887,0.919218,0.690267,0.324767,0.238442,0.670277,0.087357,0.66369,0.602682,0.140347,0.060153
moore,9,0.3,0.01,1000,24,0.003,0.20905,0.915316,0.733676,0.335017,0.237299,0.739479,0.120321,0.662475,0.594079,0.144538,0.06056
moore,10,0.3,0.01,1000,24,0.003,0.217377,0.903387,0.69823,0.327177,0.244811,0.729622,0.106524,0.661921,0.582557,0.143105,0.057906
moore,11,0.3,0.01,1000,24,0.003,0.170994,0.959582,0.707897,0.342159,0.24374,0.644469,0.083313,0.662659,0.619102,0.138185,0.060455
moore,12,0.3,0.01,1000,24,0.003,0.195995,0.900645,0.717134,0.339419,0.239065,0.659082,0.118273,0.664368,0.588929,0.139092,0.05876
moore,13,0.3,0.01,1000,24,0.003,0.17915,0.928626,0.686829,0.332964,0.233156,0.792468,0.092636,0.662533,0.588745,0.146268,0.060496
moore,14,0.3,0.01,1000,24,0.003,0.209971,0.886366,0.692221,0.327887,0.24212,0.597202,0.092494,0.661966,0.560522,0.147575,0.058026
moore,15,0.3,0.01,1000,24,0.003,0.225304,0.893698,0.737142,0.345592,0.254373,0.741312,0.108459,0.663636,0.574726,0.144947,0.060144
moore,16,0.3,0.01,1000,24,0.003,0.210681,0.916497,0.728609,0.339228,0.240464,0.654161,0.10356,0.66061,0.59417,0.142866,0.060719
moore,17,0.3,0.01,1000,24,0.003,0.187828,0.913262,0.69764,0.338322,0.246474,0.652416,0.09126,0.665522,0.58674,0.145786,0.059621
moore,18,0.3,0.01,1000,24,0.003,0.216571,0.928095,0.754203,0.352866,0.233104,0.603583,0.102856,0.660613,0.614371,0.136641,0.059588
moore,19,0.3,0.01,1000,24,0.003,0.188969,0.937773,0.739391,0.338854,0.230211,0.668202,0.098397,0.662073,0.612433,0.142644,0.060071
moore,20,0.3,0.01,1000,24,0.003,0.243875,0.972023,0.711458,0.326061,0.253896,0.733301,0.117435,0.660536,0.554909,0.142233,0.061409
moore,1,0.04,0.05,1000,24,0.003,0.197624,0.906486,0.674318,0.322432,0.365082,0.784267,0.16375,0.660921,0.9226,0.030144,0.017552
moore,2,0.04,0.05,1000,24,0.003,0.179444,0.887359,0.70825,0.341432,0.360586,0.810277,0.138968,0.659259,0.921353,0.030206,0.017694
moore,3,0.04,0.05,1000,24,0.003,0.171087,0.870025,0.68056,0.325548,0.359177,0.737096,0.126721,0.660323,0.928562,0.030099,0.017583
moore,4,0.04,0.05,1000,24,0.003,0.196501,0.949146,0.676367,0.335587,0.3641,0.848649,0.158615,0.658794,0.924227,0.030082,0.017609
moore,5,0.04,0.05,1000,24,0.003,0.208441,0.897178,0.725708,0.341639,0.361276,0.811686,0.156778,0.659929,0.919008,0.030928,0.017537
moore,6,0.04,0.05,1000,24,0.003,0.194921,0.945024,0.728917,0.345554,0.360604,0.782012,0.167947,0.660334,0.919504,0.030496,0.017336
moore,7,0.04,0.05,1000,24,0.003,0.175772,0.963224,0.715896,0.352353,0.369808,0.876953,0.140524,0.65881,0.92005,0.030564,0.017924
moore,8,0.04,0.05,1000,24,0.003,0.210968,0.917977,0.727077,0.334631,0.36808,0.803674,0.168609,0.659891,0.919429,0.030828,0.017831
moore,9,0.04,0.05,1000,24,0.003,0.198665,0.897714,0.72008,0.336244,0.358951,0.920284,0.158167,0.663491,0.920511,0.029381,0.01763
moore,10,0.04,0.05,1000,24,0.003,0.200852,0.913006,0.679134,0.331598,0.366479,0.804832,0.154999,0.658681,0.921916,0.030121,0.017413
moore,11,0.04,0.05,1000,24,0.003,0.166233,0.889195,0.671917,0.333579,0.360887,0.840464,0.132072,0.659689,0.929899,0.030069,0.017461
moore,12,0.04,0.05,1000,24,0.003,0.185756,0.916683,0.674114,0.336343,0.361144,0.87387,0.14492,0.661253,0.924552,0.030316,0.017309
moore,13,0.04,0.05,1000,24,0.003,0.208761,0.899827,0.725926,0.351772,0.364687,0.75042,0.170022,0.660949,0.914831,0.030199,0.017861
moore,14,0.04,0.05,1000,24,0.003,0.214756,0.884296,0.721742,0.333977,0.357014,0.858594,0.173948,0.659156,0.917094,0.030562,0.017589
moore,15,0.04,0.05,1000,24,0.003,0.207019,0.893495,0.7468,0.330645,0.369141,0.80994,0.165971,0.662609,0.919643,0.029859,0.017809
moore,16,0.04,0.05,1000,24,0.003,0.22239,0.958365,0.73015,0.333345,0.376269,0.841896,0.175803,0.660456,0.919948,0.030176,0.017765
moore,17,0.04,0.05,1000,24,0.003,0.192905,0.899409,0.723743,0.342766,0.369841,0.87477,0.157241,0.660022,0.918362,0.030903,0.017658
moore,18,0.04,0.05,1000,24,0.003,0.192983,0.951546,0.730309,0.345915,0.351767,0.851887,0.142858,0.660108,0.924221,0.029491,0.017437
moore,19,0.04,0.05,1000,24,0.003,0.183601,0.951373,0.715195,0.354547,0.351676,0.786461,0.14175,0.658826,0.920081,0.030741,0.017512
moore,20,0.04,0.05,1000,24,0.003,0.219913,0.907266,0.709621,0.330451,0.372758,0.776092,0.171761,0.66108,0.921444,0.030638,0.01733
moore,1,0.08,0.05,1000,24,0.003,0.20164,0.955865,0.704904,0.329514,0.309674,0.69276,0.143708,0.66231,0.800827,0.044239,0.02226
moore,2,0.08,0.05,1000,24,0.003,0.180101,0.910251,0.697938,0.34305,0.3171,0.732183,0.113948,0.660825,0.796111,0.044708,0.02229
moore,3,0.08,0.05,1000,24,0.003,0.185548,0.917411,0.700171,0.323922,0.311628,0.709124,0.118627,0.660921,0.810033,0.044352,0.022237
moore,4,0.08,0.05,1000,24,0.003,0.20175,0.978891,0.678331,0.327363,0.313354,0.801584,0.138588,0.660464,0.80267,0.044691,0.022188
moore,5,0.08,0.05,1000,24,0.003,0.209209,0.914961,0.708395,0.34153,0.3093,0.767821,0.126571,0.660583,0.798065,0.045915,0.022317
moore,6,0.08,0.05,1000,24,0.003,0.201802,0.904282,0.701525,0.340703,0.31174,0.7372,0.137778,0.661755,0.790071,0.045017,0.021928
moore,7,0.08,0.05,1000,24,0.003,0.193567,0.919763,0.720525,0.342118,0.317368,0.758793,0.138024,0.660496,0.794384,0.044783,0.022322
moore,8,0.08,0.05,1000,24,0.003,0.204767,0.94306,0.718613,0.335648,0.310184,0.774981,0.13292,0.662149,0.798744,0.044922,0.022406
moore,9,0.08,0.05,1000,24,0.003,0.21599,0.949003,0.730161,0.341927,0.309306,0.847371,0.151454,0.663998,0.789652,0.043904,0.022195
moore,10,0.08,0.05,1000,24,0.003,0.213653,0.90868,0.727078,0.3284,0.316343,0.817604,0.141105,0.660824,0.79608,0.044548,0.021799
moore,11,0.08,0.05,1000,24,0.003,0.170554,0.908946,0.699369,0.336954,0.311108,0.776362,0.109743,0.662322,0.817607,0.043804,0.022128
moore,12,0.08,0.05,1000,24,0.003,0.19679,0.848338,0.71199,0.333212,0.311607,0.813593,0.13816,0.663556,0.803581,0.04422,0.021829
moore,13,0.08,0.05,1000,24,0.003,0.202213,0.864801,0.714072,0.342729,0.306401,0.750567,0.141974,0.662694,0.785725,0.045054,0.022513
moore,14,0.08,0.05,1000,24,0.003,0.211712,0.926806,0.719059,0.327773,0.308338,0.749276,0.138696,0.659682,0.782487,0.04574,0.021966
moore,15,0.08,0.05,1000,24,0.003,0.215927,0.947484,0.732176,0.332471,0.322317,0.775632,0.144986,0.663037,0.791126,0.044331,0.02236
moore,16,0.08,0.05,1000,24,0.003,0.211254,0.959396,0.734065,0.338804,0.317378,0.814567,0.13911,0.660792,0.794374,0.044573,0.022406
moore,17,0.08,0.05,1000,24,0.003,0.20014,0.925256,0.710375,0.340364,0.318702,0.778287,0.134432,0.661863,0.792977,0.045892,0.02217
moore,18,0.08,0.05,1000,24,0.003,0.206565,0.918954,0.729379,0.343307,0.298275,0.782312,0.124978,0.660167,0.805502,0.043125,0.022068
moore,19,0.08,0.05,1000,24,0.003,0.185662,0.961265,0.721391,0.350873,0.295456,0.754385,0.120063,0.660044,0.803745,0.045204,0.022149
moore,20,0.08,0.05,1000,24,0.003,0.240251,0.9129,0.723456,0.325607,0.325783,0.735556,0.156058,0.661494,0.788892,0.044761,0.022179
moore,1,0.12,0.05,1000,24,0.003,0.201124,0.940078,0.711084,0.33273,0.275459,0.654719,0.12545,0.662989,0.716196,0.060914,0.028418
moore,2,0.12,0.05,1000,24,0.003,0.184559,0.900462,0.695744,0.343224,0.289777,0.649607,0.101169,0.661589,0.70537,0.061584,0.028257
moore,3,0.12,0.05,1000,24,0.003,0.191668,0.878672,0.691833,0.329665,0.28216,0.743108,0.110213,0.661123,0.723167,0.060968,0.02826
moore,4,0.12,0.05,1000,24,0.003,0.207807,0.976958,0.703488,0.321636,0.283755,0.712853,0.128615,0.661319,0.713971,0.061776,0.028247
moore,5,0.12,0.05,1000,24,0.003,0.209445,0.875539,0.705617,0.341319,0.278998,0.774002,0.109979,0.660712,0.715733,0.063307,0.028508
moore,6,0.12,0.05,1000,24,0.003,0.207879,0.904422,0.72925,0.339734,0.282738,0.723714,0.117169,0.661754,0.697283,0.062143,0.028057
moore,7,0.12,0.05,1000,24,0.003,0.202571,0.877935,0.722444,0.336151,0.283658,0.737833,0.134306,0.661916,0.705476,0.061341,0.02812
moore,8,0.12,0.05,1000,24,0.003,0.202737,0.948192,0.730214,0.333474,0.277651,0.758492,0.112922,0.663579,0.71701,0.061324,0.02841
moore,9,0.12,0.05,1000,24,0.003,0.218627,0.944069,0.740434,0.344058,0.277638,0.866122,0.142412,0.663479,0.702025,0.061148,0.028279
moore,10,0.12,0.05,1000,24,0.003,0.219854,0.886642,0.71444,0.326334,0.285008,0.82054,0.129705,0.661586,0.706322,0.061479,0.027528
moore,11,0.12,0.05,1000,24,0.003,0.173625,0.951706,0.716186,0.341784,0.281458,0.732765,0.098302,0.663683,0.736614,0.059953,0.028247
moore,12,0.12,0.05,1000,24,0.003,0.200613,0.90091,0.71362,0.335645,0.280239,0.72889,0.131223,0.664426,0.713649,0.060495,0.027712
moore,13,0.12,0.05,1000,24,0.003,0.194128,0.887916,0.687475,0.340411,0.27334,0.744321,0.120718,0.662652,0.699973,0.062471,0.028584
moore,14,0.12,0.05,1000,24,0.003,0.210982,0.903189,0.700482,0.324106,0.278584,0.787179,0.117508,0.660905,0.68795,0.063353,0.027699
moore,15,0.12,0.05,1000,24,0.003,0.22102,0.942039,0.729158,0.332948,0.293017,0.738908,0.12985,0.663776,0.701151,0.061538,0.028363
moore,16,0.12,0.05,1000,24,0.003,0.20867,0.946875,0.720712,0.339775,0.282356,0.712435,0.120472,0.660983,0.708757,0.061464,0.028508
moore,17,0.12,0.05,1000,24,0.003,0.199866,0.942981,0.722945,0.336975,0.287027,0.709869,0.117853,0.664237,0.705044,0.063166,0.028124
moore,18,0.12,0.05,1000,24,0.003,0.212591,0.940325,0.738056,0.346608,0.268477,0.746202,0.114666,0.660764,0.724757,0.059159,0.028075
moore,19,0.12,0.05,1000,24,0.003,0.189762,0.937311,0.717173,0.343292,0.264701,0.718689,0.110393,0.661226,0.723763,0.061981,0.028216
moore,20,0.12,0.05,1000,24,0.003,0.246357,0.940747,0.71197,0.324831,0.29491,0.691557,0.141927,0.661503,0.690533,0.061458,0.028485
moore,1,0.2,0.05,1000,24,0.003,0.202597,0.899168,0.703759,0.333678,0.246907,0.703966,0.10986,0.663821,0.636014,0.096465,0.042371
moore,2,0.2,0.05,1000,24,0.003,0.192163,0.876529,0.683455,0.340906,0.266008,0.690246,0.093437,0.662996,0.613804,0.097379,0.041767
moore,3,0.2,0.05,1000,24,0.003,0.198006,0.883596,0.71091,0.332098,0.256439,0.74823,0.104455,0.66207,0.636209,0.096225,0.041885
moore,4,0.2,0.05,1000,24,0.003,0.213712,0.949017,0.708612,0.317112,0.259396,0.67479,0.121542,0.662634,0.622685,0.098001,0.042071
moore,5,0.2,0.05,1000,24,0.003,0.213,0.868036,0.709456,0.340444,0.253944,0.801759,0.100489,0.660788,0.633686,0.100109,0.042479
moore,6,0.2,0.05,1000,24,0.003,0.214448,0.899166,0.73392,0.340204,0.258337,0.774238,0.099035,0.661721,0.604082,0.09858,0.042066
moore,7,0.2,0.05,1000,24,0.003,0.207797,0.915314,0.708903,0.333282,0.254105,0.728813,0.127953,0.66336,0.621028,0.096461,0.041428
moore,8,0.2,0.05,1000,24,0.003,0.201129,0.915985,0.707063,0.327855,0.250862,0.772815,0.09635,0.664248,0.63689,0.096149,0.042099
moore,9,0.2,0.05,1000,24,0.003,0.216177,0.914764,0.743058,0.339844,0.24997,0.801789,0.13014,0.662919,0.623903,0.097869,0.042203
moore,10,0.2,0.05,1000,24,0.003,0.222118,0.895944,0.713557,0.325652,0.257746,0.77683,0.116341,0.662046,0.619666,0.097479,0.04062
moore,11,0.2,0.05,1000,24,0.003,0.174388,0.933349,0.713426,0.342146,0.255985,0.645272,0.088704,0.663746,0.655281,0.094381,0.042157
moore,12,0.2,0.05,1000,24,0.003,0.201086,0.922123,0.721583,0.337267,0.252239,0.665267,0.123622,0.665105,0.625468,0.095106,0.041103
moore,13,0.2,0.05,1000,24,0.003,0.185999,0.919807,0.672247,0.336051,0.245788,0.785792,0.101631,0.663069,0.621069,0.099435,0.04237
moore,14,0.2,0.05,1000,24,0.003,0.211502,0.883393,0.697572,0.325593,0.253409,0.694219,0.100493,0.662089,0.597967,0.100553,0.040787
moore,15,0.2,0.05,1000,24,0.003,0.225229,0.901725,0.740714,0.338708,0.267122,0.75189,0.115692,0.664414,0.612767,0.098284,0.042068
moore,16,0.2,0.05,1000,24,0.003,0.210936,0.921238,0.717844,0.338491,0.253399,0.65287,0.108597,0.661162,0.628282,0.097371,0.042404
moore,17,0.2,0.05,1000,24,0.003,0.19451,0.886649,0.693071,0.336468,0.259381,0.682221,0.100694,0.666006,0.620951,0.099638,0.041709
moore,18,0.2,0.05,1000,24,0.003,0.217248,0.935686,0.750926,0.351095,0.2441,0.66831,0.106737,0.661112,0.647375,0.093306,0.04169
moore,19,0.2,0.05,1000,24,0.003,0.192403,0.926295,0.727816,0.339654,0.240477,0.677869,0.102845,0.662425,0.64646,0.097539,0.041972
moore,20,0.2,0.05,1000,24,0.003,0.247273,0.977456,0.718198,0.32554,0.267201,0.722731,0.126142,0.661118,0.594204,0.09706,0.04273
moore,1,0.3,0.05,1000,24,0.003,0.205951,0.896604,0.709267,0.333331,0.235376,0.73444,0.105019,0.664525,0.600608,0.141854,0.060655
moore,2,0.3,0.05,1000,24,0.003,0.198637,0.893402,0.698467,0.337298,0.256166,0.671642,0.0925,0.664045,0.572059,0.142951,0.059466
moore,3,0.3,0.05,1000,24,0.003,0.201497,0.896296,0.697672,0.332438,0.245434,0.75129,0.102901,0.662875,0.595434,0.141168,0.059753
moore,4,0.3,0.05,1000,24,0.003,0.215856,0.915078,0.710848,0.315274,0.249535,0.698746,0.118942,0.663421,0.578995,0.14409,0.060233
moore,5,0.3,0.05,1000,24,0.003,0.215722,0.865443,0.709472,0.340851,0.243916,0.803814,0.09829,0.660742,0.596044,0.146914,0.060782
moore,6,0.3,0.05,1000,24,0.003,0.219344,0.946373,0.730142,0.337827,0.248592,0.746762,0.092338,0.661968,0.56032,0.145021,0.0605
moore,7,0.3,0.05,1000,24,0.003,0.20915,0.903584,0.717862,0.334899,0.241713,0.712174,0.124488,0.663612,0.583265,0.141207,0.059016
moore,8,0.3,0.05,1000,24,0.003,0.200384,0.91931,0.690447,0.324445,0.239576,0.670688,0.089419,0.664326,0.600713,0.140565,0.060107
moore,9,0.3,0.05,1000,24,0.003,0.212683,0.918006,0.737935,0.334616,0.238319,0.738512,0.122349,0.66313,0.59198,0.144682,0.060526
moore,10,0.3,0.05,1000,24,0.003,0.221355,0.904115,0.703488,0.326199,0.246096,0.727674,0.108909,0.662583,0.580205,0.143383,0.057878
moore,11,0.3,0.05,1000,24,0.003,0.174952,0.95854,0.707449,0.341429,0.245006,0.650496,0.085831,0.663325,0.616966,0.138382,0.060431
moore,12,0.3,0.05,1000,24,0.003,0.199889,0.899622,0.716726,0.338805,0.240095,0.659713,0.120493,0.665059,0.586926,0.139266,0.058736
moore,13,0.3,0.05,1000,24,0.003,0.182873,0.931856,0.692612,0.332466,0.234224,0.796405,0.094798,0.663242,0.586715,0.146501,0.060461
moore,14,0.3,0.05,1000,24,0.003,0.213113,0.887256,0.694526,0.327577,0.243272,0.597931,0.094354,0.662579,0.558314,0.147796,0.058004
moore,15,0.3,0.05,1000,24,0.003,0.229051,0.895634,0.73797,0.34473,0.255712,0.74369,0.111052,0.664341,0.572245,0.145179,0.06011
moore,16,0.3,0.05,1000,24,0.003,0.214186,0.916762,0.728326,0.338572,0.241594,0.653552,0.105718,0.661264,0.592034,0.143136,0.060675
moore,17,0.3,0.05,1000,24,0.003,0.191184,0.913123,0.698681,0.338236,0.247472,0.652841,0.093072,0.66616,0.584923,0.145989,0.059583
moore,18,0.3,0.05,1000,24,0.003,0.220153,0.928096,0.756642,0.352387,0.234149,0.605848,0.10485,0.661298,0.612393,0.136871,0.059557
moore,19,0.3,0.05,1000,24,0.003,0.193132,0.93783,0.741751,0.337878,0.231283,0.668153,0.100916,0.662794,0.610302,0.142822,0.060025
moore,20,0.3,0.05,1000,24,0.003,0.247127,0.97192,0.710481,0.325511,0.254975,0.735307,0.119452,0.661224,0.552643,0.142498,0.061348
moore,1,0.04,0.1,1000,24,0.003,0.2019,0.909091,0.676627,0.321034,0.367046,0.782806,0.167707,0.661718,0.922185,0.030223,0.017539
moore,2,0.04,0.1,1000,24,0.003,0.184015,0.892622,0.711262,0.340799,0.362458,0.812712,0.142926,0.660006,0.920949,0.030281,0.017683
moore,3,0.04,0.1,1000,24,0.003,0.175601,0.870743,0.681423,0.324778,0.361024,0.739507,0.130739,0.661092,0.928187,0.030173,0.017572
moore,4,0.04,0.1,1000,24,0.003,0.200831,0.950151,0.682567,0.335228,0.365896,0.853094,0.162252,0.659535,0.923864,0.030163,0.017592
moore,5,0.04,0.1,1000,24,0.003,0.213085,0.894532,0.729861,0.340182,0.363282,0.809266,0.161011,0.660716,0.918553,0.030992,0.017523
moore,6,0.04,0.1,1000,24,0.003,0.19943,0.947021,0.730867,0.344585,0.362412,0.788091,0.172017,0.66115,0.919074,0.030563,0.017327
moore,7,0.04,0.1,1000,24,0.003,0.179898,0.964662,0.71984,0.351585,0.371671,0.877703,0.144173,0.659586,0.919669,0.030643,0.017908
moore,8,0.04,0.1,1000,24,0.003,0.215169,0.908559,0.727393,0.333721,0.369904,0.804042,0.171997,0.660637,0.918996,0.030898,0.017818
moore,9,0.04,0.1,1000,24,0.003,0.202781,0.899223,0.717208,0.335143,0.360837,0.919046,0.161794,0.66426,0.919992,0.02945,0.01761
moore,10,0.04,0.1,1000,24,0.003,0.20539,0.916535,0.682512,0.330905,0.36849,0.806652,0.158942,0.659477,0.92149,0.030213,0.017406
moore,11,0.04,0.1,1000,24,0.003,0.170852,0.885965,0.671774,0.333088,0.362928,0.840011,0.136217,0.660442,0.929529,0.030148,0.017454
moore,12,0.04,0.1,1000,24,0.003,0.190314,0.919637,0.675283,0.335774,0.362896,0.875527,0.148803,0.661968,0.924147,0.030391,0.017299
moore,13,0.04,0.1,1000,24,0.003,0.213266,0.901161,0.726233,0.351127,0.366582,0.75703,0.174123,0.661678,0.914391,0.030269,0.01785
moore,14,0.04,0.1,1000,24,0.003,0.218708,0.884243,0.724569,0.333615,0.358979,0.858289,0.177463,0.659828,0.916651,0.030634,0.017579
moore,15,0.04,0.1,1000,24,0.003,0.211661,0.894762,0.747805,0.329636,0.371245,0.807717,0.170015,0.663415,0.919222,0.029922,0.017789
moore,16,0.04,0.1,1000,24,0.003,0.22669,0.958381,0.732955,0.332466,0.378276,0.849949,0.179638,0.661187,0.919468,0.030268,0.01775
moore,17,0.04,0.1,1000,24,0.003,0.196807,0.901698,0.729204,0.34187,0.371684,0.875069,0.160718,0.660744,0.917956,0.030983,0.017641
moore,18,0.04,0.1,1000,24,0.003,0.197385,0.952298,0.736138,0.34529,0.353643,0.851118,0.146574,0.66089,0.923787,0.029569,0.017421
moore,19,0.04,0.1,1000,24,0.003,0.188056,0.9523,0.717437,0.354122,0.353393,0.788097,0.145472,0.659583,0.919673,0.030811,0.017494
moore,20,0.04,0.1,1000,24,0.003,0.224015,0.908925,0.717865,0.330091,0.37474,0.782274,0.175638,0.661828,0.921049,0.030738,0.017316
moore,1,0.08,0.1,1000,24,0.003,0.206003,0.956605,0.706806,0.328381,0.311294,0.697602,0.147245,0.663096,0.799828,0.044346,0.022244
moore,2,0.08,0.1,1000,24,0.003,0.18479,0.911855,0.70018,0.342243,0.318837,0.73588,0.117339,0.661647,0.79502,0.044825,0.022278
moore,3,0.08,0.1,1000,24,0.003,0.190056,0.91791,0.704246,0.323424,0.313327,0.707312,0.122154,0.661731,0.808946,0.044463,0.022227
moore,4,0.08,0.1,1000,24,0.003,0.206209,0.978996,0.681519,0.326501,0.315001,0.805546,0.1418,0.661232,0.801646,0.044798,0.022166
moore,5,0.08,0.1,1000,24,0.003,0.213726,0.911917,0.709016,0.340332,0.311145,0.770765,0.130267,0.661326,0.796851,0.045997,0.022301
moore,6,0.08,0.1,1000,24,0.003,0.206066,0.906703,0.706267,0.339722,0.313432,0.743319,0.141226,0.662619,0.788937,0.045118,0.021919
moore,7,0.08,0.1,1000,24,0.003,0.197766,0.920706,0.720888,0.341378,0.319068,0.757241,0.141205,0.661275,0.793403,0.044897,0.022305
moore,8,0.08,0.1,1000,24,0.003,0.209059,0.945898,0.724202,0.335169,0.311878,0.781323,0.135899,0.662934,0.797599,0.045018,0.022391
moore,9,0.08,0.1,1000,24,0.003,0.220055,0.951286,0.734159,0.341478,0.310946,0.855399,0.154396,0.664791,0.788301,0.043986,0.022176
moore,10,0.08,0.1,1000,24,0.003,0.218244,0.910307,0.726724,0.327437,0.31822,0.814286,0.144513,0.661654,0.794879,0.044677,0.021792
moore,11,0.08,0.1,1000,24,0.003,0.175407,0.911941,0.698756,0.336305,0.313041,0.783301,0.113655,0.66307,0.816482,0.043906,0.02212
moore,12,0.08,0.1,1000,24,0.003,0.201458,0.853384,0.712101,0.33237,0.313133,0.804612,0.14162,0.664325,0.802602,0.044314,0.021823
moore,13,0.08,0.1,1000,24,0.003,0.206661,0.865289,0.716211,0.342322,0.308066,0.750263,0.145354,0.663498,0.784627,0.045154,0.022502
moore,14,0.08,0.1,1000,24,0.003,0.215519,0.925544,0.720958,0.327493,0.310106,0.75445,0.141644,0.660382,0.781271,0.045837,0.021958
moore,15,0.08,0.1,1000,24,0.003,0.220655,0.949282,0.735078,0.331286,0.324282,0.776625,0.148782,0.663879,0.789918,0.044425,0.02234
moore,16,0.08,0.1,1000,24,0.003,0.215494,0.958183,0.730852,0.337934,0.319215,0.827184,0.142443,0.661579,0.793124,0.044701,0.022389
moore,17,0.08,0.1,1000,24,0.003,0.204085,0.927058,0.710723,0.339562,0.320309,0.776893,0.137341,0.662671,0.792054,0.045994,0.022153
moore,18,0.08,0.1,1000,24,0.003,0.210988,0.918188,0.73396,0.342631,0.299929,0.785589,0.12813,0.660978,0.804421,0.043229,0.022054
moore,19,0.08,0.1,1000,24,0.003,0.190468,0.963314,0.723207,0.35024,0.29707,0.759507,0.123596,0.660881,0.802713,0.045294,0.02213
moore,20,0.08,0.1,1000,24,0.003,0.244252,0.913833,0.722245,0.325085,0.327575,0.73353,0.159333,0.662274,0.787783,0.044894,0.022159
moore,1,0.12,0.1,1000,24,0.003,0.205544,0.939665,0.711367,0.331905,0.276882,0.657773,0.128627,0.663739,0.714792,0.061055,0.0284
moore,2,0.12,0.1,1000,24,0.003,0.189355,0.901261,0.702121,0.342307,0.291444,0.652328,0.10425,0.662422,0.70377,0.061747,0.028244
moore,3,0.12,0.1,1000,24,0.003,0.196155,0.876478,0.690812,0.329413,0.283734,0.746364,0.113386,0.661931,0.721547,0.06112,0.02825
moore,4,0.12,0.1,1000,24,0.003,0.212362,0.97663,0.705887,0.320547,0.285317,0.713709,0.131589,0.662072,0.712455,0.061915,0.028219
moore,5,0.12,0.1,1000,24,0.003,0.213883,0.87473,0.707913,0.340551,0.280715,0.777051,0.113276,0.661501,0.713919,0.063414,0.028489
moore,6,0.12,0.1,1000,24,0.003,0.212024,0.906946,0.732488,0.338972,0.284377,0.724041,0.120252,0.662635,0.69566,0.062288,0.028046
moore,7,0.12,0.1,1000,24,0.003,0.206836,0.881385,0.724592,0.335353,0.285267,0.736617,0.137214,0.662706,0.703974,0.061495,0.0281
moore,8,0.12,0.1,1000,24,0.003,0.207038,0.950578,0.733234,0.333047,0.279252,0.762986,0.115674,0.664366,0.715313,0.061453,0.028391
moore,9,0.12,0.1,1000,24,0.003,0.222779,0.948065,0.739982,0.343759,0.279125,0.8688,0.145035,0.664288,0.700152,0.061247,0.02826
moore,10,0.12,0.1,1000,24,0.003,0.224595,0.886502,0.716719,0.325168,0.28678,0.81625,0.132937,0.662401,0.704506,0.061649,0.02752
moore,11,0.12,0.1,1000,24,0.003,0.178451,0.953782,0.72193,0.341038,0.283278,0.731171,0.101848,0.66445,0.734895,0.060081,0.028239
moore,12,0.12,0.1,1000,24,0.003,0.205358,0.902911,0.718426,0.334649,0.281664,0.719572,0.134375,0.665224,0.712215,0.060611,0.027706
moore,13,0.12,0.1,1000,24,0.003,0.19868,0.889138,0.689871,0.340046,0.274867,0.75322,0.123777,0.6635,0.698354,0.062607,0.028571
moore,14,0.12,0.1,1000,24,0.003,0.214664,0.901604,0.704624,0.323742,0.280221,0.786771,0.120053,0.661609,0.686159,0.063482,0.027692
moore,15,0.12,0.1,1000,24,0.003,0.225671,0.942789,0.729714,0.331723,0.294878,0.740742,0.133363,0.664665,0.699257,0.061668,0.028343
moore,16,0.12,0.1,1000,24,0.003,0.212882,0.944534,0.727828,0.339011,0.284052,0.72508,0.123492,0.661783,0.706903,0.061631,0.028487
moore,17,0.12,0.1,1000,24,0.003,0.203824,0.945729,0.725765,0.336499,0.288498,0.71128,0.120408,0.665047,0.703685,0.063295,0.028105
moore,18,0.12,0.1,1000,24,0.003,0.216961,0.938974,0.74134,0.345956,0.269995,0.746597,0.117452,0.66158,0.723193,0.059296,0.028062
moore,19,0.12,0.1,1000,24,0.003,0.194696,0.939546,0.723293,0.3423,0.26624,0.725142,0.113751,0.662077,0.72221,0.062096,0.028194
moore,20,0.12,0.1,1000,24,0.003,0.250292,0.943547,0.714944,0.324256,0.296542,0.693674,0.144814,0.662328,0.688807,0.061628,0.028457
moore,1,0.2,0.1,1000,24,0.003,0.207079,0.8974,0.704474,0.332811,0.248175,0.707128,0.112714,0.664559,0.634123,0.09668,0.042346
moore,2,0.2,0.1,1000,24,0.003,0.197195,0.877688,0.685877,0.339758,0.267616,0.691746,0.096386,0.663824,0.611564,0.097638,0.041748
moore,3,0.2,0.1,1000,24,0.003,0.202487,0.884557,0.713296,0.33168,0.257897,0.750353,0.107387,0.662864,0.633984,0.096461,0.041869
moore,4,0.2,0.1,1000,24,0.003,0.218284,0.948692,0.712257,0.315908,0.260879,0.676395,0.124264,0.663379,0.620595,0.098213,0.042032
moore,5,0.2,0.1,1000,24,0.003,0.217505,0.870273,0.711445,0.339769,0.255529,0.80471,0.103512,0.661635,0.631155,0.100272,0.042451
moore,6,0.2,0.1,1000,24,0.003,0.218565,0.902021,0.737358,0.339534,0.259938,0.77705,0.101872,0.662611,0.60183,0.09882,0.042047
moore,7,0.2,0.1,1000,24,0.003,0.212252,0.92,0.714621,0.332551,0.255656,0.726294,0.130697,0.664183,0.618819,0.096699,0.0414
moore,8,0.2,0.1,1000,24,0.003,0.205449,0.916517,0.709303,0.327472,0.25237,0.776537,0.098956,0.66504,0.63467,0.096348,0.042068
moore,9,0.2,0.1,1000,24,0.003,0.220536,0.920375,0.744911,0.339432,0.251336,0.799043,0.132631,0.663744,0.621496,0.09801,0.04218
moore,10,0.2,0.1,1000,24,0.003,0.226967,0.896646,0.714834,0.324406,0.259432,0.773278,0.119375,0.662866,0.617138,0.097735,0.040606
moore,11,0.2,0.1,1000,24,0.003,0.17923,0.931582,0.715632,0.341292,0.257679,0.646157,0.091937,0.664565,0.652943,0.094567,0.042144
moore,12,0.2,0.1,1000,24,0.003,0.205885,0.927171,0.727177,0.336299,0.253599,0.665895,0.126487,0.665965,0.623422,0.095275,0.041093
moore,13,0.2,0.1,1000,24,0.003,0.190621,0.922794,0.679013,0.33548,0.24721,0.791991,0.104446,0.663954,0.618892,0.099646,0.04235
moore,14,0.2,0.1,1000,24,0.003,0.215222,0.885042,0.702548,0.325158,0.254938,0.692467,0.102792,0.662828,0.595534,0.100753,0.040777
moore,15,0.2,0.1,1000,24,0.003,0.229849,0.904805,0.735907,0.337602,0.268884,0.754022,0.11898,0.665314,0.610111,0.098491,0.042044
moore,16,0.2,0.1,1000,24,0.003,0.215174,0.921277,0.718715,0.337688,0.254937,0.653154,0.111349,0.661983,0.625869,0.09762,0.042373
moore,17,0.2,0.1,1000,24,0.003,0.198539,0.888346,0.697174,0.336289,0.260731,0.682702,0.102981,0.666821,0.619029,0.099828,0.041683
moore,18,0.2,0.1,1000,24,0.003,0.221614,0.934524,0.753939,0.350469,0.245497,0.67036,0.109242,0.661966,0.645238,0.093516,0.041671
moore,19,0.2,0.1,1000,24,0.003,0.197496,0.924608,0.727063,0.338425,0.241917,0.681592,0.10605,0.663311,0.644213,0.097708,0.04194
moore,20,0.2,0.1,1000,24,0.003,0.251246,0.977487,0.721032,0.324865,0.268666,0.725238,0.128747,0.661969,0.591783,0.097306,0.042685
moore,1,0.3,0.1,1000,24,0.003,0.210508,0.899768,0.7117,0.332359,0.236583,0.737728,0.107781,0.665291,0.598458,0.142162,0.060618
moore,2,0.3,0.1,1000,24,0.003,0.203876,0.893314,0.701944,0.336112,0.25775,0.674449,0.095525,0.66488,0.56944,0.143329,0.059434
moore,3,0.3,0.1,1000,24,0.003,0.206088,0.897491,0.700442,0.331887,0.246846,0.752988,0.105796,0.663674,0.592897,0.141507,0.059724
moore,4,0.3,0.1,1000,24,0.003,0.220507,0.915302,0.708811,0.314076,0.250978,0.700406,0.12161,0.664173,0.576532,0.144394,0.060173
moore,5,0.3,0.1,1000,24,0.003,0.220339,0.861925,0.707564,0.340067,0.245436,0.806619,0.101237,0.661619,0.593167,0.14715,0.060739
moore,6,0.3,0.1,1000,24,0.003,0.223557,0.94923,0.733166,0.337066,0.25018,0.750996,0.095139,0.66287,0.557688,0.145378,0.060464
moore,7,0.3,0.1,1000,24,0.003,0.213808,0.910721,0.725692,0.334245,0.243247,0.709409,0.127252,0.664457,0.580678,0.141546,0.058971
moore,8,0.3,0.1,1000,24,0.003,0.204779,0.919422,0.694227,0.324035,0.241045,0.671069,0.092035,0.665143,0.59828,0.140851,0.060056
moore,9,0.3,0.1,1000,24,0.003,0.217257,0.921256,0.74553,0.334081,0.239641,0.737187,0.124901,0.663971,0.589382,0.144876,0.060491
moore,10,0.3,0.1,1000,24,0.003,0.226352,0.904891,0.706046,0.324961,0.24775,0.725477,0.111935,0.66343,0.5773,0.143746,0.05785
moore,11,0.3,0.1,1000,24,0.003,0.179957,0.957209,0.706079,0.340499,0.246637,0.65782,0.089023,0.664183,0.614329,0.138642,0.060407
moore,12,0.3,0.1,1000,24,0.003,0.204813,0.901723,0.723737,0.337997,0.241431,0.660506,0.123308,0.665944,0.584469,0.139498,0.058713
moore,13,0.3,0.1,1000,24,0.003,0.18756,0.935704,0.693941,0.331818,0.235604,0.800927,0.097541,0.664152,0.584215,0.146806,0.060425
moore,14,0.3,0.1,1000,24,0.003,0.217042,0.888305,0.697269,0.327193,0.244759,0.604769,0.096688,0.663368,0.555576,0.148085,0.057984
moore,15,0.3,0.1,1000,24,0.003,0.233773,0.898087,0.736869,0.343616,0.25743,0.746311,0.114344,0.665246,0.569182,0.145482,0.060074
moore,16,0.3,0.1,1000,24,0.003,0.2186,0.91805,0.735509,0.3377,0.243046,0.65276,0.108452,0.662109,0.589395,0.143487,0.060626
moore,17,0.3,0.1,1000,24,0.003,0.195415,0.912882,0.698979,0.338107,0.248767,0.658295,0.095371,0.666976,0.582682,0.146255,0.059542
moore,18,0.3,0.1,1000,24,0.003,0.224654,0.928123,0.758768,0.351757,0.235495,0.60869,0.107363,0.662181,0.609947,0.137174,0.059526
moore,19,0.3,0.1,1000,24,0.003,0.198389,0.937671,0.741685,0.336598,0.232666,0.675041,0.104117,0.663721,0.607666,0.143058,0.059975
moore,20,0.3,0.1,1000,24,0.003,0.251217,0.971716,0.714684,0.324817,0.256365,0.737705,0.122014,0.662104,0.549861,0.142841,0.061278
moore,1,0.04,0.2,1000,24,0.003,0.210513,0.91416,0.686399,0.31832,0.371093,0.781855,0.175667,0.663391,0.921367,0.030393,0.017519
moore,2,0.04,0.2,1000,24,0.003,0.193299,0.90309,0.716885,0.339435,0.366339,0.816694,0.15097,0.661584,0.920161,0.030446,0.01767
moore,3,0.04,0.2,1000,24,0.003,0.18476,0.871506,0.683052,0.323178,0.364875,0.744891,0.138906,0.662716,0.927451,0.030335,0.017558
moore,4,0.04,0.2,1000,24,0.003,0.209567,0.952116,0.68895,0.334534,0.369612,0.860561,0.169562,0.661099,0.923162,0.030337,0.017567
moore,5,0.04,0.2,1000,24,0.003,0.222559,0.888661,0.733436,0.337181,0.367418,0.804637,0.169652,0.662365,0.917668,0.031134,0.017502
moore,6,0.04,0.2,1000,24,0.003,0.208567,0.950615,0.733422,0.342568,0.366143,0.800274,0.180279,0.66286,0.918237,0.030708,0.017315
moore,7,0.04,0.2,1000,24,0.003,0.18826,0.967135,0.726151,0.349959,0.375522,0.878361,0.151598,0.66122,0.918947,0.030813,0.017883
moore,8,0.04,0.2,1000,24,0.003,0.22361,0.896138,0.732668,0.331836,0.373674,0.814596,0.178812,0.662202,0.918157,0.031054,0.017799
moore,9,0.04,0.2,1000,24,0.003,0.211168,0.902049,0.713917,0.332831,0.364758,0.916333,0.169178,0.665873,0.918978,0.029599,0.017577
moore,10,0.04,0.2,1000,24,0.003,0.214543,0.9228,0.689849,0.329452,0.372645,0.809866,0.166911,0.661145,0.920652,0.030412,0.0174
moore,11,0.04,0.2,1000,24,0.003,0.180233,0.88512,0.675268,0.332,0.367143,0.839032,0.144662,0.662022,0.928811,0.03032,0.017447
moore,12,0.04,0.2,1000,24,0.003,0.199574,0.925245,0.67571,0.334574,0.366518,0.878179,0.156708,0.663464,0.923356,0.030556,0.017287
moore,13,0.04,0.2,1000,24,0.003,0.222355,0.904024,0.729531,0.349795,0.370515,0.76979,0.182407,0.663215,0.913539,0.030423,0.017836
moore,14,0.04,0.2,1000,24,0.003,0.226623,0.883893,0.730127,0.332833,0.363064,0.857613,0.184498,0.661239,0.91578,0.03079,0.017564
moore,15,0.04,0.2,1000,24,0.003,0.221053,0.899067,0.750066,0.327529,0.375599,0.803621,0.178227,0.66511,0.918413,0.030061,0.017756
moore,16,0.04,0.2,1000,24,0.003,0.235318,0.957898,0.739417,0.33066,0.382413,0.863455,0.187366,0.662725,0.918537,0.030467,0.017728
moore,17,0.04,0.2,1000,24,0.003,0.204719,0.905552,0.733484,0.340073,0.375506,0.875706,0.167766,0.662263,0.917177,0.031155,0.017616
moore,18,0.04,0.2,1000,24,0.003,0.206295,0.953401,0.736231,0.343966,0.357517,0.849366,0.154124,0.662525,0.922933,0.029737,0.017397
moore,19,0.04,0.2,1000,24,0.003,0.197128,0.953992,0.721746,0.353143,0.356947,0.790416,0.153045,0.661181,0.918879,0.030964,0.017465
moore,20,0.04,0.2,1000,24,0.003,0.23226,0.911968,0.730245,0.329326,0.378816,0.794695,0.183419,0.6634,0.920285,0.030951,0.017295
moore,1,0.08,0.2,1000,24,0.003,0.21485,0.957635,0.711747,0.326178,0.314682,0.70635,0.154424,0.664742,0.797877,0.044575,0.022221
moore,2,0.08,0.2,1000,24,0.003,0.194312,0.914973,0.70774,0.340496,0.322468,0.743284,0.124228,0.663368,0.792884,0.045078,0.022265
moore,3,0.08,0.2,1000,24,0.003,0.199167,0.918042,0.714356,0.322423,0.316893,0.713396,0.129308,0.663437,0.806819,0.044702,0.022216
moore,4,0.08,0.2,1000,24,0.003,0.215265,0.978863,0.686816,0.324799,0.318438,0.811659,0.148361,0.662848,0.799652,0.045026,0.02213
moore,5,0.08,0.2,1000,24,0.003,0.222923,0.904673,0.71325,0.337838,0.314964,0.776121,0.13783,0.662899,0.794475,0.046179,0.022276
moore,6,0.08,0.2,1000,24,0.003,0.214717,0.911246,0.716901,0.337661,0.316955,0.755478,0.148268,0.664425,0.786738,0.045338,0.02191
moore,7,0.08,0.2,1000,24,0.003,0.206285,0.921889,0.72037,0.33981,0.322607,0.753624,0.147701,0.662913,0.791523,0.045143,0.02228
moore,8,0.08,0.2,1000,24,0.003,0.217722,0.95148,0.736441,0.334145,0.315412,0.793541,0.141954,0.664583,0.795374,0.04523,0.022371
moore,9,0.08,0.2,1000,24,0.003,0.228295,0.955133,0.737647,0.34048,0.314382,0.870144,0.160352,0.666456,0.785667,0.044166,0.022146
moore,10,0.08,0.2,1000,24,0.003,0.227506,0.913058,0.726558,0.325416,0.322127,0.807544,0.151438,0.663386,0.792521,0.044954,0.021788
moore,11,0.08,0.2,1000,24,0.003,0.185277,0.917234,0.713402,0.334929,0.317066,0.796625,0.121661,0.66464,0.814266,0.044128,0.022115
moore,12,0.08,0.2,1000,24,0.003,0.210945,0.86312,0.711364,0.330569,0.316325,0.785625,0.148638,0.665924,0.800709,0.04452,0.02182
moore,13,0.08,0.2,1000,24,0.003,0.215664,0.86568,0.718829,0.341503,0.311559,0.749542,0.152235,0.66518,0.782493,0.045374,0.02249
moore,14,0.08,0.2,1000,24,0.003,0.223134,0.922848,0.721564,0.326912,0.313812,0.763208,0.147557,0.661858,0.778872,0.046046,0.021952
moore,15,0.08,0.2,1000,24,0.003,0.230225,0.952243,0.738166,0.32883,0.328366,0.778557,0.156526,0.66565,0.787565,0.044628,0.022311
moore,16,0.08,0.2,1000,24,0.003,0.224057,0.955112,0.727362,0.33607,0.323024,0.85036,0.149221,0.663232,0.790699,0.044974,0.022364
moore,17,0.08,0.2,1000,24,0.003,0.212071,0.930272,0.713784,0.337907,0.323672,0.774182,0.14326,0.664371,0.790259,0.046214,0.022128
moore,18,0.08,0.2,1000,24,0.003,0.219944,0.916396,0.745644,0.341179,0.303382,0.791878,0.134566,0.662679,0.802315,0.043454,0.022036
moore,19,0.08,0.2,1000,24,0.003,0.200221,0.966826,0.726956,0.348912,0.300437,0.769026,0.13081,0.662637,0.800705,0.045491,0.022101
moore,20,0.08,0.2,1000,24,0.003,0.252313,0.915486,0.727983,0.324001,0.331293,0.74054,0.165976,0.663907,0.785644,0.045176,0.022127
moore,1,0.12,0.2,1000,24,0.003,0.214508,0.938097,0.717285,0.330295,0.279893,0.663401,0.135103,0.665309,0.71207,0.061358,0.028375
moore,2,0.12,0.2,1000,24,0.003,0.199106,0.903211,0.706081,0.340315,0.294946,0.657735,0.11051,0.664174,0.700628,0.0621,0.02823
moore,3,0.12,0.2,1000,24,0.003,0.205241,0.8786,0.697922,0.328806,0.287051,0.751596,0.119862,0.663637,0.718379,0.061446,0.02824
moore,4,0.12,0.2,1000,24,0.003,0.221613,0.975472,0.70843,0.318383,0.288595,0.715219,0.137703,0.663649,0.709498,0.062214,0.028176
moore,5,0.12,0.2,1000,24,0.003,0.222893,0.881081,0.711595,0.338951,0.284281,0.783177,0.120009,0.663159,0.710354,0.06365,0.028461
moore,6,0.12,0.2,1000,24,0.003,0.220415,0.9117,0.74464,0.3374,0.287804,0.724594,0.126574,0.664477,0.692507,0.062601,0.028036
moore,7,0.12,0.2,1000,24,0.003,0.215485,0.887837,0.722539,0.333681,0.288639,0.73404,0.143162,0.664374,0.701093,0.061828,0.028074
moore,8,0.12,0.2,1000,24,0.003,0.21573,0.955357,0.735865,0.332122,0.282617,0.772111,0.121298,0.666011,0.711994,0.061736,0.028366
moore,9,0.12,0.2,1000,24,0.003,0.231162,0.955222,0.745778,0.343041,0.282261,0.872207,0.150317,0.665988,0.696484,0.061468,0.028234
moore,10,0.12,0.2,1000,24,0.003,0.23414,0.885924,0.722639,0.32274,0.290486,0.807987,0.139524,0.664099,0.700948,0.062014,0.027517
moore,11,0.12,0.2,1000,24,0.003,0.188264,0.957052,0.725256,0.339514,0.287086,0.727108,0.109119,0.666056,0.731509,0.060362,0.028234
moore,12,0.12,0.2,1000,24,0.003,0.215015,0.905857,0.71294,0.332484,0.284669,0.700372,0.140786,0.666888,0.709457,0.060869,0.027708
moore,13,0.12,0.2,1000,24,0.003,0.207892,0.890922,0.693574,0.339303,0.278087,0.769552,0.13002,0.665273,0.695204,0.062903,0.028558
moore,14,0.12,0.2,1000,24,0.003,0.222022,0.898343,0.710717,0.323061,0.283667,0.78583,0.125166,0.663085,0.682627,0.063759,0.027691
moore,15,0.12,0.2,1000,24,0.003,0.235095,0.94371,0.730345,0.329211,0.298757,0.758532,0.140557,0.666517,0.695552,0.06195,0.028316
moore,16,0.12,0.2,1000,24,0.003,0.221419,0.93913,0.732622,0.337312,0.287586,0.74936,0.129663,0.663472,0.703282,0.061987,0.028457
moore,17,0.12,0.2,1000,24,0.003,0.211836,0.950787,0.729608,0.33552,0.291599,0.713567,0.12562,0.666744,0.701027,0.063575,0.028078
moore,18,0.12,0.2,1000,24,0.003,0.225811,0.936116,0.749204,0.344532,0.273183,0.747451,0.123149,0.663292,0.720146,0.059593,0.028046
moore,19,0.12,0.2,1000,24,0.003,0.204709,0.943676,0.729333,0.340227,0.269467,0.737582,0.120633,0.66386,0.719183,0.062349,0.028162
moore,20,0.12,0.2,1000,24,0.003,0.258215,0.948416,0.720108,0.32307,0.299952,0.701826,0.150696,0.664043,0.68548,0.061985,0.028413
moore,1,0.2,0.2,1000,24,0.003,0.216203,0.893651,0.707834,0.330998,0.250888,0.713026,0.118585,0.666104,0.630479,0.097142,0.042316
moore,2,0.2,0.2,1000,24,0.003,0.207444,0.880365,0.691013,0.337313,0.271003,0.694537,0.102406,0.665562,0.607168,0.098198,0.041727
moore,3,0.2,0.2,1000,24,0.003,0.211542,0.886051,0.721637,0.330762,0.260982,0.754659,0.113366,0.664536,0.629634,0.096968,0.041855
moore,4,0.2,0.2,1000,24,0.003,0.227569,0.947439,0.715197,0.313516,0.264007,0.679738,0.129896,0.664937,0.616519,0.098668,0.041971
moore,5,0.2,0.2,1000,24,0.003,0.226623,0.876277,0.714177,0.33842,0.258835,0.81055,0.109663,0.663412,0.626159,0.100633,0.042412
moore,6,0.2,0.2,1000,24,0.003,0.226919,0.907415,0.742648,0.338111,0.263301,0.782206,0.107723,0.664478,0.597449,0.099333,0.042025
moore,7,0.2,0.2,1000,24,0.003,0.221291,0.926834,0.717589,0.330999,0.258926,0.721339,0.136335,0.665918,0.614518,0.097211,0.041364
moore,8,0.2,0.2,1000,24,0.003,0.214185,0.917563,0.714204,0.326648,0.255563,0.78381,0.104309,0.666698,0.630318,0.096782,0.042025
moore,9,0.2,0.2,1000,24,0.003,0.229351,0.930711,0.748546,0.338474,0.254237,0.793227,0.137658,0.665476,0.616782,0.098324,0.042152
moore,10,0.2,0.2,1000,24,0.003,0.236739,0.897712,0.719333,0.321848,0.262971,0.766865,0.125593,0.664571,0.61219,0.098284,0.040597
moore,11,0.2,0.2,1000,24,0.003,0.189107,0.928063,0.724274,0.339536,0.261241,0.647258,0.098568,0.666282,0.648359,0.094976,0.042135
moore,12,0.2,0.2,1000,24,0.003,0.215674,0.935844,0.728071,0.334206,0.256486,0.667085,0.132354,0.667757,0.619486,0.095648,0.041092
moore,13,0.2,0.2,1000,24,0.003,0.199978,0.928303,0.685436,0.334284,0.250214,0.8029,0.110225,0.665798,0.614654,0.100106,0.042329
moore,14,0.2,0.2,1000,24,0.003,0.22265,0.888056,0.710495,0.32433,0.258165,0.689043,0.107413,0.664375,0.590742,0.101182,0.040775
moore,15,0.2,0.2,1000,24,0.003,0.239238,0.910657,0.740218,0.33531,0.272568,0.757318,0.125748,0.667189,0.604916,0.098938,0.042012
moore,16,0.2,0.2,1000,24,0.003,0.223802,0.923665,0.723856,0.335857,0.258155,0.653591,0.117015,0.663724,0.621138,0.098151,0.042327
moore,17,0.2,0.2,1000,24,0.003,0.206711,0.891124,0.705746,0.335884,0.263597,0.686523,0.107671,0.668516,0.61527,0.100238,0.041649
moore,18,0.2,0.2,1000,24,0.003,0.230435,0.932067,0.759475,0.349115,0.24844,0.674518,0.11435,0.663758,0.641052,0.093973,0.041649
moore,19,0.2,0.2,1000,24,0.003,0.207855,0.924462,0.730435,0.335789,0.244952,0.695744,0.112646,0.665165,0.639811,0.098079,0.041893
moore,20,0.2,0.2,1000,24,0.003,0.259278,0.977197,0.72143,0.323478,0.271752,0.729842,0.134107,0.663742,0.587107,0.097825,0.042612
moore,1,0.3,0.2,1000,24,0.003,0.219787,0.905667,0.719369,0.33029,0.239175,0.743929,0.113471,0.666892,0.594312,0.142822,0.060569
moore,2,0.3,0.2,1000,24,0.003,0.21451,0.892449,0.70264,0.333694,0.261083,0.679859,0.101691,0.666621,0.564296,0.144143,0.059394
moore,3,0.3,0.2,1000,24,0.003,0.215356,0.899425,0.710358,0.330742,0.249836,0.75645,0.111691,0.665356,0.587943,0.142235,0.059692
moore,4,0.3,0.2,1000,24,0.003,0.229955,0.915134,0.704764,0.311681,0.254026,0.703619,0.127135,0.665744,0.571729,0.145045,0.060079
moore,5,0.3,0.2,1000,24,0.003,0.229686,0.85919,0.715863,0.338501,0.248612,0.812067,0.107236,0.663459,0.587475,0.14767,0.060675
moore,6,0.3,0.2,1000,24,0.003,0.232099,0.954478,0.737606,0.335481,0.253517,0.758939,0.100917,0.664758,0.552553,0.146143,0.060414
moore,7,0.3,0.2,1000,24,0.003,0.223251,0.921557,0.728074,0.332842,0.246482,0.704074,0.13293,0.666235,0.575615,0.142278,0.05891
moore,8,0.3,0.2,1000,24,0.003,0.213661,0.919625,0.69973,0.323186,0.244162,0.671393,0.097415,0.666851,0.593506,0.141472,0.059981
moore,9,0.3,0.2,1000,24,0.003,0.226532,0.927359,0.757207,0.332885,0.242453,0.734151,0.130083,0.665731,0.58427,0.145309,0.060445
moore,10,0.3,0.2,1000,24,0.003,0.236439,0.906003,0.714946,0.322438,0.251227,0.721883,0.118152,0.665193,0.571611,0.144523,0.05782
moore,11,0.3,0.2,1000,24,0.003,0.19017,0.954475,0.706814,0.338559,0.25007,0.671707,0.095554,0.665989,0.609171,0.139212,0.060383
moore,12,0.3,0.2,1000,24,0.003,0.21486,0.915102,0.7272,0.336242,0.244273,0.662102,0.129084,0.667788,0.579719,0.140017,0.058694
moore,13,0.3,0.2,1000,24,0.003,0.197049,0.942788,0.695342,0.330437,0.23852,0.808656,0.103174,0.666051,0.579346,0.147468,0.06038
moore,14,0.3,0.2,1000,24,0.003,0.224903,0.890213,0.708841,0.326437,0.247896,0.621499,0.101398,0.665018,0.550185,0.148706,0.057968
moore,15,0.3,0.2,1000,24,0.003,0.243352,0.903119,0.735497,0.34127,0.261024,0.75042,0.121112,0.667137,0.563188,0.146134,0.060024
moore,16,0.3,0.2,1000,24,0.003,0.227555,0.926027,0.739982,0.335769,0.246087,0.651066,0.114056,0.663902,0.584225,0.144236,0.06055
moore,17,0.3,0.2,1000,24,0.003,0.204011,0.912181,0.70655,0.33777,0.251522,0.669005,0.1001,0.668675,0.578301,0.14683,0.059486
moore,18,0.3,0.2,1000,24,0.003,0.233742,0.928263,0.765506,0.350391,0.238336,0.614446,0.112473,0.664041,0.605145,0.137831,0.059484
moore,19,0.3,0.2,1000,24,0.003,0.209077,0.936682,0.738855,0.333842,0.235582,0.688845,0.110704,0.665656,0.602494,0.143576,0.059897
moore,20,0.3,0.2,1000,24,0.003,0.259488,0.971065,0.712862,0.323402,0.2593,0.742097,0.127286,0.663938,0.544471,0.143564,0.061162
