topology,seed,noise,tick,size,gol,mean_self,max_self,p95_self,std_self,mean_phi,max_phi,mean_R,mean_T,mean_E,mean_err,morans_i,entropy,phi_entropy,clusters_05,clusters_07
von_neumann,1,0.04,500,18,False,0.214986,0.889272,0.704674,0.332416,0.307478,0.837835,0.150696,0.658908,0.862183,0.041874,-0.068289,3.7108,3.4986,48,16
von_neumann,1,0.04,1000,18,False,0.197821,0.922517,0.705652,0.347443,0.295199,0.63386,0.147709,0.65976,0.880805,0.043636,-0.053492,3.785,3.6873,52,15
von_neumann,2,0.04,500,18,False,0.191912,0.868178,0.674741,0.327516,0.299742,0.80022,0.123568,0.662487,0.865105,0.044225,-0.11059,3.6719,3.481,40,10
von_neumann,2,0.04,1000,18,False,0.194096,0.879894,0.704472,0.348857,0.300948,0.699507,0.149483,0.659682,0.874212,0.042826,0.025402,3.7585,3.7406,39,16
von_neumann,3,0.04,500,18,False,0.182412,0.943595,0.733052,0.343093,0.294089,0.667975,0.136574,0.659912,0.867927,0.045001,-0.016994,3.7653,3.7661,40,19
von_neumann,3,0.04,1000,18,False,0.191196,0.891658,0.68321,0.336304,0.304034,0.799851,0.162857,0.65678,0.867094,0.044146,-0.003822,3.6954,3.4986,39,12
von_neumann,4,0.04,500,18,False,0.192796,0.823946,0.712626,0.329151,0.303875,0.834376,0.137943,0.657963,0.877584,0.043283,-0.038849,3.7199,3.4097,44,17
von_neumann,4,0.04,1000,18,False,0.192273,0.881752,0.683862,0.350058,0.325376,0.852868,0.135688,0.658032,0.862743,0.042771,-0.012341,3.7643,3.6142,37,13
von_neumann,5,0.04,500,18,False,0.1411,0.848821,0.663319,0.36245,0.315984,0.704532,0.0845,0.655573,0.872325,0.041528,0.042759,3.8045,3.7027,33,10
von_neumann,5,0.04,1000,18,False,0.138499,0.872439,0.64571,0.33114,0.293735,0.763499,0.095795,0.658925,0.881319,0.042825,-0.050727,3.7196,3.5494,36,10
von_neumann,6,0.04,500,18,False,0.223847,0.897365,0.745529,0.34818,0.310808,0.690982,0.16548,0.658724,0.870074,0.043822,-0.003294,3.771,3.7323,38,23
von_neumann,6,0.04,1000,18,False,0.187145,0.871578,0.666824,0.346363,0.293743,0.698603,0.148717,0.659077,0.873879,0.04397,0.037419,3.7526,3.7258,40,11
von_neumann,7,0.04,500,18,False,0.162082,0.868317,0.65184,0.322365,0.303241,0.637593,0.147521,0.657661,0.868543,0.043014,-0.000607,3.6882,3.8896,34,12
von_neumann,7,0.04,1000,18,False,0.194209,0.936625,0.700369,0.348622,0.322735,0.682887,0.143868,0.657762,0.87247,0.041485,0.082119,3.7482,3.8286,37,17
von_neumann,8,0.04,500,18,False,0.17346,0.861841,0.721045,0.338713,0.296319,0.714042,0.144271,0.662036,0.884416,0.043459,-0.013022,3.7235,3.5846,40,14
von_neumann,8,0.04,1000,18,False,0.191026,0.878078,0.712651,0.348464,0.310373,0.901228,0.160027,0.656785,0.866037,0.044735,0.002822,3.7784,3.4536,41,18
von_neumann,9,0.04,500,18,False,0.238877,0.929853,0.710851,0.328425,0.320706,0.768161,0.179058,0.65956,0.8619,0.042619,0.016998,3.6768,3.6551,39,14
von_neumann,9,0.04,1000,18,False,0.195584,0.878112,0.691218,0.319915,0.302308,0.780569,0.137314,0.657957,0.857855,0.04476,0.017139,3.6696,3.4941,44,14
von_neumann,10,0.04,500,18,False,0.1875,0.932922,0.700717,0.348708,0.315508,0.727456,0.134104,0.657583,0.868053,0.043853,-0.027605,3.7962,3.7092,40,15
von_neumann,10,0.04,1000,18,False,0.187668,0.885526,0.667879,0.33832,0.298828,0.77808,0.145644,0.657458,0.875321,0.045415,-0.009503,3.7071,3.6183,40,12
moore,1,0.04,500,18,False,0.208296,0.948218,0.75756,0.355232,0.36443,0.893124,0.161825,0.65585,0.91709,0.029628,-0.016132,3.7996,3.484,22,22
moore,1,0.04,1000,18,False,0.206736,0.895397,0.726523,0.330967,0.351464,0.76876,0.163637,0.661189,0.926315,0.030439,-0.002829,3.7061,3.5252,20,13
moore,2,0.04,500,18,False,0.182235,0.824434,0.700745,0.330036,0.36022,0.872954,0.134581,0.662027,0.921673,0.030377,-0.048224,3.7159,3.4466,22,15
moore,2,0.04,1000,18,False,0.214709,0.91727,0.749066,0.326632,0.355577,0.793317,0.180662,0.663107,0.923976,0.029973,-0.011577,3.7226,3.5555,22,16
moore,3,0.04,500,18,False,0.188095,0.9079,0.711221,0.339979,0.35711,0.764225,0.142203,0.66054,0.917441,0.030512,0.015799,3.7481,3.6534,23,15
moore,3,0.04,1000,18,False,0.189399,0.93425,0.703093,0.344667,0.361053,0.7841,0.157841,0.658045,0.925284,0.030363,0.029687,3.7404,3.566,25,11
moore,4,0.04,500,18,False,0.21295,0.915188,0.713847,0.328052,0.359984,0.795111,0.171038,0.659968,0.926307,0.031021,-0.023119,3.6817,3.5142,27,12
moore,4,0.04,1000,18,False,0.195078,0.938044,0.687519,0.353198,0.376284,0.812618,0.145148,0.656048,0.917101,0.029229,0.011934,3.7768,3.596,20,9
moore,5,0.04,500,18,False,0.141825,0.827553,0.677053,0.348,0.363917,0.703233,0.10225,0.658049,0.920665,0.029208,-0.001418,3.7991,3.7106,25,11
moore,5,0.04,1000,18,False,0.144668,0.828904,0.649257,0.335289,0.346556,0.712255,0.121432,0.660217,0.928417,0.029587,-0.0572,3.7316,3.6881,25,10
moore,6,0.04,500,18,False,0.217753,0.899562,0.753455,0.35316,0.362664,0.723385,0.16263,0.65862,0.920384,0.031018,0.017418,3.7728,3.6692,19,15
moore,6,0.04,1000,18,False,0.189163,0.834544,0.691651,0.351948,0.34839,0.691947,0.154209,0.659698,0.923855,0.030314,0.068292,3.7797,3.6949,21,12
moore,7,0.04,500,18,False,0.186399,0.910452,0.705934,0.339577,0.365359,0.781807,0.174505,0.660472,0.918322,0.030803,0.008839,3.7745,3.6949,30,12
moore,7,0.04,1000,18,False,0.204362,0.909694,0.733868,0.353414,0.377806,0.752543,0.155112,0.657554,0.92356,0.029238,0.05623,3.8175,3.674,14,17
moore,8,0.04,500,18,False,0.17852,0.858014,0.676679,0.318961,0.347697,0.709635,0.156197,0.665581,0.931542,0.030299,0.012029,3.6717,3.5947,27,11
moore,8,0.04,1000,18,False,0.21526,0.874864,0.695136,0.344689,0.367323,0.759458,0.179711,0.660408,0.914843,0.031092,-0.002562,3.7184,3.7121,23,13
moore,9,0.04,500,18,False,0.24218,0.948804,0.741868,0.336004,0.377477,0.821486,0.192937,0.657635,0.911617,0.030404,0.011641,3.7151,3.6394,21,20
moore,9,0.04,1000,18,False,0.197728,0.863023,0.693117,0.323521,0.363709,0.827425,0.147796,0.658795,0.914478,0.030084,-0.031671,3.6832,3.4763,22,13
moore,10,0.04,500,18,False,0.205883,0.918059,0.721689,0.349243,0.375404,0.898544,0.178145,0.662071,0.91654,0.030402,-0.017756,3.8081,3.4706,26,17
moore,10,0.04,1000,18,False,0.173889,0.875849,0.669261,0.338666,0.364388,0.915807,0.131513,0.659574,0.924606,0.030486,0.067625,3.7288,3.4708,21,9
hex,1,0.04,500,18,False,0.21273,0.917774,0.70602,0.339142,0.342429,0.829881,0.159171,0.657485,0.896934,0.033244,-0.051637,3.7552,3.5303,37,15
hex,1,0.04,1000,18,False,0.210189,0.973629,0.694646,0.337982,0.3363,0.714411,0.158804,0.661346,0.908635,0.0343,-0.018205,3.6865,3.6433,30,13
hex,2,0.04,500,18,False,0.176551,0.839597,0.690855,0.333394,0.337842,0.770814,0.120898,0.661507,0.90172,0.034189,-0.02514,3.7154,3.5936,29,11
hex,2,0.04,1000,18,False,0.215757,0.955933,0.723572,0.325734,0.3385,0.731249,0.175143,0.662496,0.90651,0.033603,-0.017828,3.7008,3.7092,25,18
hex,3,0.04,500,18,False,0.181196,0.847272,0.705282,0.344895,0.333568,0.667107,0.126979,0.65903,0.901371,0.034232,0.01986,3.7708,3.7658,31,16
hex,3,0.04,1000,18,False,0.190781,0.919406,0.674193,0.335414,0.34482,0.888804,0.15667,0.659025,0.90382,0.034177,-0.013339,3.7557,3.3819,29,10
hex,4,0.04,500,18,False,0.205822,0.922313,0.694984,0.320287,0.341857,0.768475,0.154924,0.65996,0.907637,0.034889,0.011856,3.6818,3.5462,30,12
hex,4,0.04,1000,18,False,0.191621,0.93312,0.722475,0.351097,0.363065,0.813455,0.136082,0.656714,0.899252,0.03355,0.00291,3.7962,3.6492,25,11
hex,5,0.04,500,18,False,0.155034,0.811539,0.692458,0.34688,0.348334,0.713564,0.110637,0.658001,0.904858,0.03286,0.01612,3.7704,3.7097,23,13
hex,5,0.04,1000,18,False,0.154086,0.828762,0.664099,0.336381,0.329316,0.734305,0.115703,0.659145,0.911331,0.033143,-0.03577,3.7215,3.6949,32,13
hex,6,0.04,500,18,False,0.217276,0.917421,0.752718,0.348982,0.344218,0.712792,0.154956,0.660492,0.900421,0.035423,0.015763,3.7964,3.683,27,21
hex,6,0.04,1000,18,False,0.181859,0.83748,0.701996,0.354609,0.327163,0.781995,0.135936,0.659401,0.905178,0.034249,0.070545,3.8019,3.5683,31,15
hex,7,0.04,500,18,False,0.185592,0.947023,0.69952,0.339803,0.343274,0.740916,0.171746,0.659871,0.89631,0.035039,0.017202,3.7541,3.7195,34,14
hex,7,0.04,1000,18,False,0.2061,0.903402,0.726354,0.347708,0.361092,0.800643,0.153407,0.657546,0.905111,0.032849,0.078871,3.7528,3.5881,29,16
hex,8,0.04,500,18,False,0.178597,0.933644,0.701699,0.324534,0.337122,0.825671,0.154661,0.665578,0.914194,0.03372,0.006574,3.6681,3.4211,35,13
hex,8,0.04,1000,18,False,0.202233,0.832636,0.703178,0.339798,0.347668,0.79353,0.172821,0.659849,0.897189,0.03482,0.014874,3.735,3.646,35,15
hex,9,0.04,500,18,False,0.23715,0.942106,0.763455,0.339401,0.355434,0.826751,0.177645,0.658916,0.897133,0.03421,0.030738,3.7729,3.5929,32,17
hex,9,0.04,1000,18,False,0.18942,0.889342,0.670214,0.308961,0.343492,0.868274,0.128829,0.659938,0.893404,0.034017,0.0154,3.6316,3.3789,30,10
hex,10,0.04,500,18,False,0.19957,0.913476,0.732835,0.354083,0.352713,0.869387,0.158809,0.661681,0.898144,0.03417,0.006679,3.7809,3.477,27,21
hex,10,0.04,1000,18,False,0.188296,0.88516,0.686949,0.338299,0.342626,0.854273,0.14859,0.659041,0.908094,0.03486,0.01876,3.74,3.5224,30,12
random,1,0.04,500,18,False,0.183879,0.882001,0.69775,0.349186,0.346051,0.834241,0.174456,0.65724,0.865601,0.038766,-0.010365,3.776,3.6461,42,15
random,1,0.04,1000,18,False,0.205276,0.839339,0.687272,0.345791,0.344505,0.847497,0.204686,0.657322,0.874217,0.040276,-0.030318,3.7204,3.4599,42,14
random,2,0.04,500,18,False,0.208662,0.924934,0.697349,0.333084,0.359419,0.796501,0.2161,0.659973,0.866444,0.038979,-0.006214,3.7156,3.709,49,16
random,2,0.04,1000,18,False,0.215128,0.855771,0.716145,0.346293,0.338508,0.721884,0.206538,0.66001,0.858597,0.039588,-0.029487,3.7396,3.7437,42,13
random,3,0.04,500,18,False,0.188189,0.954114,0.675129,0.329226,0.353121,0.730115,0.188167,0.659147,0.855439,0.039109,-0.063645,3.6774,3.8034,38,10
random,3,0.04,1000,18,False,0.187457,0.836127,0.717711,0.346014,0.343521,0.748862,0.2042,0.658559,0.87598,0.039265,-0.009663,3.7619,3.7454,40,18
random,4,0.04,500,18,False,0.183051,0.81489,0.662221,0.31929,0.348247,0.820082,0.182125,0.659567,0.870629,0.038518,-0.022068,3.6633,3.5726,35,10
random,4,0.04,1000,18,False,0.196128,0.890069,0.733235,0.353831,0.342446,0.729954,0.204454,0.657374,0.867444,0.038593,-0.04695,3.7807,3.8291,38,23
random,5,0.04,500,18,False,0.159693,0.904917,0.712038,0.355811,0.344563,0.761584,0.164783,0.659481,0.871583,0.037792,-0.018656,3.8262,3.8006,41,18
random,5,0.04,1000,18,False,0.148899,0.884035,0.685302,0.346914,0.34339,0.816709,0.164351,0.658158,0.873938,0.037124,-0.019567,3.7868,3.5881,34,11
random,6,0.04,500,18,False,0.199011,0.883699,0.670292,0.320634,0.33468,0.739209,0.181412,0.659991,0.863194,0.038864,-0.016753,3.6598,3.7736,43,11
random,6,0.04,1000,18,False,0.175097,0.915824,0.688486,0.34099,0.342255,0.822323,0.178826,0.657489,0.891537,0.037275,-0.037048,3.759,3.6185,45,14
random,7,0.04,500,18,False,0.180289,0.873179,0.730229,0.361443,0.347174,0.826682,0.185706,0.658023,0.871281,0.03947,0.033664,3.8365,3.6017,39,18
random,7,0.04,1000,18,False,0.206649,0.889053,0.739887,0.333644,0.339234,0.822474,0.209219,0.662798,0.875855,0.03797,-0.062835,3.7096,3.625,45,22
random,8,0.04,500,18,False,0.162198,0.856073,0.671601,0.338675,0.340227,0.793047,0.15086,0.658581,0.880192,0.038411,-0.013421,3.7381,3.6449,43,9
random,8,0.04,1000,18,False,0.195766,0.805611,0.682225,0.311633,0.347722,0.807042,0.213331,0.657674,0.862422,0.039475,-0.01641,3.6231,3.5891,32,11
random,9,0.04,500,18,False,0.206746,0.957741,0.715681,0.339869,0.348304,0.753489,0.216179,0.662464,0.864968,0.03874,-0.021919,3.7646,3.6852,40,17
random,9,0.04,1000,18,False,0.187996,0.93207,0.730304,0.338673,0.34896,0.922467,0.174629,0.6555,0.871002,0.039061,0.002225,3.7574,3.4618,38,17
random,10,0.04,500,18,False,0.19512,0.946782,0.688535,0.337124,0.346753,0.791907,0.206695,0.658621,0.875592,0.037459,-0.029777,3.726,3.6078,46,11
random,10,0.04,1000,18,False,0.167825,0.904374,0.704248,0.334643,0.338421,0.738645,0.186095,0.661681,0.879972,0.038709,-0.034655,3.7277,3.7604,38,17
small_world,1,0.04,500,18,False,0.178898,0.845921,0.673575,0.338654,0.310192,0.801117,0.143495,0.657296,0.870488,0.041238,0.005061,3.7137,3.5629,37,10
small_world,1,0.04,1000,18,False,0.155058,0.958811,0.715892,0.365433,0.315886,0.763057,0.125358,0.65728,0.871064,0.042334,-0.005913,3.8427,3.66,37,17
small_world,2,0.04,500,18,False,0.18609,0.877742,0.701932,0.33607,0.316179,0.749509,0.156854,0.65767,0.861238,0.04175,-0.064997,3.7463,3.6523,37,16
small_world,2,0.04,1000,18,False,0.172076,0.871693,0.722932,0.349625,0.314774,0.866147,0.165423,0.659611,0.869222,0.042679,-0.02364,3.7774,3.4692,41,17
small_world,3,0.04,500,18,False,0.167335,0.867102,0.684661,0.322919,0.311786,0.72525,0.120296,0.66151,0.878155,0.042827,-0.043845,3.698,3.6615,32,11
small_world,3,0.04,1000,18,False,0.209552,0.88795,0.716318,0.337614,0.322363,0.736792,0.168177,0.659604,0.867199,0.040546,0.007199,3.6941,3.709,38,15
small_world,4,0.04,500,18,False,0.177369,0.944373,0.687819,0.342199,0.314602,0.802265,0.144022,0.659821,0.871745,0.041124,0.011312,3.7655,3.5003,40,13
small_world,4,0.04,1000,18,False,0.16195,0.882374,0.682904,0.369874,0.320351,0.822494,0.12697,0.656002,0.873016,0.040508,0.081768,3.8325,3.5591,45,13
small_world,5,0.04,500,18,False,0.179149,0.894766,0.661721,0.31681,0.321628,0.708058,0.140026,0.656441,0.869073,0.041019,-0.091621,3.6582,3.7708,40,11
small_world,5,0.04,1000,18,False,0.162616,0.962177,0.72528,0.356765,0.320505,0.84371,0.122272,0.658209,0.874456,0.040596,-0.021055,3.8238,3.5199,40,19
small_world,6,0.04,500,18,False,0.187105,0.928306,0.686804,0.344626,0.330256,0.755004,0.131608,0.658828,0.871253,0.043403,-0.036285,3.7568,3.6988,44,14
small_world,6,0.04,1000,18,False,0.189053,0.86047,0.748886,0.359679,0.31896,0.761669,0.163785,0.659884,0.880118,0.041522,-0.0137,3.8028,3.5996,44,20
small_world,7,0.04,500,18,False,0.190317,0.856418,0.683967,0.33041,0.325101,0.758959,0.153344,0.661841,0.869752,0.04071,0.0022,3.7057,3.7083,41,12
small_world,7,0.04,1000,18,False,0.192994,0.868989,0.701212,0.341027,0.323966,0.827377,0.172139,0.658723,0.870947,0.041537,-0.009585,3.7273,3.5669,34,14
small_world,8,0.04,500,18,False,0.194745,0.909007,0.707988,0.350219,0.332017,0.733613,0.162514,0.660189,0.867819,0.041018,-0.009436,3.7984,3.8234,32,15
small_world,8,0.04,1000,18,False,0.213448,0.945243,0.748437,0.35674,0.317354,0.761948,0.188765,0.655373,0.866842,0.042299,-0.011248,3.8007,3.6713,46,22
small_world,9,0.04,500,18,False,0.174392,0.928707,0.71363,0.35301,0.324555,0.748192,0.129875,0.655192,0.866701,0.041404,-0.010771,3.7969,3.7345,50,17
small_world,9,0.04,1000,18,False,0.174586,0.918861,0.740012,0.361818,0.317081,0.792612,0.127749,0.657637,0.871075,0.042591,0.020579,3.8325,3.5778,40,20
small_world,10,0.04,500,18,False,0.192451,0.916012,0.715429,0.34503,0.322364,0.861765,0.151355,0.661273,0.871558,0.041918,-0.01185,3.7757,3.5985,42,20
small_world,10,0.04,1000,18,False,0.199324,0.915595,0.711932,0.341596,0.32144,0.837937,0.166022,0.657706,0.864974,0.042492,0.005613,3.7653,3.6134,39,16
von_neumann,1,0.08,500,18,False,0.192969,0.921239,0.673109,0.325204,0.254174,0.751346,0.117674,0.660969,0.728208,0.066127,-0.011439,3.6974,3.4219,42,13
von_neumann,1,0.08,1000,18,False,0.191533,0.937423,0.703349,0.350452,0.258929,0.736237,0.134404,0.660087,0.739681,0.06748,-0.059112,3.7553,3.4571,49,16
von_neumann,2,0.08,500,18,False,0.188452,0.884492,0.694431,0.336209,0.250559,0.752654,0.122496,0.662466,0.729108,0.069887,-0.085104,3.7035,3.3918,46,15
von_neumann,2,0.08,1000,18,False,0.192298,0.889026,0.717297,0.346964,0.261496,0.696877,0.130099,0.657964,0.740064,0.067384,0.028448,3.7449,3.5731,43,20
von_neumann,3,0.08,500,18,False,0.203332,0.918227,0.745612,0.338957,0.255609,0.753717,0.153841,0.658661,0.717351,0.072233,-0.009137,3.7529,3.528,33,20
von_neumann,3,0.08,1000,18,False,0.179054,0.847099,0.668182,0.332714,0.261001,0.701862,0.153739,0.65654,0.730976,0.068532,0.024253,3.7087,3.5642,34,13
von_neumann,4,0.08,500,18,False,0.188946,0.849762,0.720378,0.331789,0.266449,0.65964,0.1263,0.658654,0.73829,0.068364,-0.007789,3.7137,3.6231,39,20
von_neumann,4,0.08,1000,18,False,0.194011,0.884726,0.689073,0.341042,0.280311,0.779056,0.128923,0.658555,0.719338,0.068918,-0.019383,3.7125,3.5606,36,14
von_neumann,5,0.08,500,18,False,0.128988,0.861634,0.610912,0.356301,0.275218,0.698883,0.083011,0.653648,0.73941,0.066008,0.031197,3.7551,3.6513,37,7
von_neumann,5,0.08,1000,18,False,0.145258,0.834524,0.664689,0.342933,0.255076,0.705918,0.104832,0.659287,0.747432,0.068603,-0.039751,3.7705,3.5428,38,12
von_neumann,6,0.08,500,18,False,0.2308,0.96674,0.734613,0.329722,0.267571,0.691632,0.169444,0.657415,0.726991,0.069285,-0.037861,3.7043,3.6219,47,20
von_neumann,6,0.08,1000,18,False,0.188979,0.919278,0.686708,0.347148,0.251123,0.766301,0.140472,0.661648,0.732427,0.069796,0.027191,3.7344,3.4437,37,12
von_neumann,7,0.08,500,18,False,0.159072,0.867218,0.633163,0.316021,0.257033,0.629989,0.127017,0.658786,0.732184,0.068728,-0.003918,3.64,3.7475,36,11
von_neumann,7,0.08,1000,18,False,0.193956,0.933434,0.726504,0.353765,0.278882,0.678616,0.129389,0.658538,0.727407,0.06577,0.081447,3.8109,3.6874,38,17
von_neumann,8,0.08,500,18,False,0.16815,0.923734,0.708119,0.34924,0.257829,0.562934,0.130332,0.659888,0.748498,0.068413,-0.032319,3.7753,3.8161,34,14
von_neumann,8,0.08,1000,18,False,0.184343,0.899873,0.724788,0.347847,0.264253,0.810745,0.15801,0.656621,0.719962,0.071103,0.010239,3.7693,3.4285,46,22
von_neumann,9,0.08,500,18,False,0.246203,0.919701,0.733873,0.321388,0.27102,0.797757,0.174471,0.660491,0.707719,0.068056,0.027671,3.6699,3.4713,38,21
von_neumann,9,0.08,1000,18,False,0.206711,0.921505,0.71616,0.331302,0.257522,0.803923,0.130901,0.660584,0.710779,0.071882,0.039972,3.7289,3.3234,43,20
von_neumann,10,0.08,500,18,False,0.171998,0.913576,0.70908,0.351175,0.27192,0.707181,0.107673,0.6565,0.735819,0.069703,-0.01145,3.7824,3.6584,37,17
von_neumann,10,0.08,1000,18,False,0.191265,0.912741,0.671942,0.327895,0.251451,0.688793,0.14748,0.657939,0.738023,0.071518,-0.041285,3.7125,3.5721,42,12
moore,1,0.08,500,18,False,0.198511,0.952886,0.734985,0.35662,0.306469,0.79832,0.133349,0.655576,0.792845,0.043866,-0.015341,3.8165,3.4704,24,18
moore,1,0.08,1000,18,False,0.205993,0.928952,0.658136,0.316805,0.306754,0.797916,0.135979,0.664237,0.804515,0.043631,-0.006152,3.6143,3.3908,23,7
moore,2,0.08,500,18,False,0.179081,0.854142,0.715099,0.349379,0.303745,0.830285,0.112899,0.663437,0.803804,0.044668,-0.047315,3.7776,3.4083,19,14
moore,2,0.08,1000,18,False,0.216879,0.917399,0.687435,0.319759,0.310073,0.723847,0.147115,0.664802,0.798333,0.043581,0.041197,3.6625,3.6144,21,14
moore,3,0.08,500,18,False,0.208782,0.821211,0.674087,0.329144,0.310617,0.71394,0.137371,0.660962,0.787086,0.046062,0.047025,3.6692,3.6698,24,11
moore,3,0.08,1000,18,False,0.175861,0.878802,0.73301,0.352873,0.308048,0.670392,0.121286,0.656954,0.810252,0.043833,0.049554,3.8143,3.6181,22,16
moore,4,0.08,500,18,False,0.21601,0.934582,0.716316,0.336588,0.314878,0.700908,0.143794,0.661945,0.805911,0.045373,-0.005952,3.7371,3.5764,26,15
moore,4,0.08,1000,18,False,0.21006,0.91535,0.713058,0.336271,0.326378,0.82361,0.12373,0.658438,0.789799,0.044143,0.015443,3.7305,3.466,17,13
moore,5,0.08,500,18,False,0.142077,0.860622,0.671737,0.335305,0.316332,0.678134,0.087162,0.659476,0.79918,0.042692,0.027613,3.7525,3.7518,24,10
moore,5,0.08,1000,18,False,0.159156,0.872923,0.659588,0.336184,0.301634,0.763986,0.1172,0.661874,0.811754,0.044089,-0.072684,3.7176,3.5382,26,12
moore,6,0.08,500,18,False,0.240794,0.932521,0.750159,0.341441,0.310722,0.749645,0.146017,0.660191,0.798117,0.045146,0.062604,3.737,3.508,22,18
moore,6,0.08,1000,18,False,0.196458,0.8645,0.687652,0.351054,0.292047,0.673725,0.135125,0.663085,0.799467,0.045124,0.072866,3.7666,3.6541,15,12
moore,7,0.08,500,18,False,0.190828,0.873918,0.694718,0.334137,0.311238,0.743282,0.15428,0.660955,0.794847,0.045995,0.024704,3.7253,3.597,23,9
moore,7,0.08,1000,18,False,0.217276,0.915491,0.760815,0.355147,0.335963,0.733291,0.13702,0.657541,0.794297,0.043302,0.050498,3.792,3.7,17,13
moore,8,0.08,500,18,False,0.181562,0.88439,0.666269,0.315943,0.304573,0.728613,0.128308,0.665748,0.820846,0.044481,0.005622,3.677,3.5336,23,11
moore,8,0.08,1000,18,False,0.214119,0.915305,0.750145,0.342084,0.310619,0.803868,0.157619,0.659616,0.78147,0.045995,0.017717,3.7447,3.4787,22,18
moore,9,0.08,500,18,False,0.25401,0.876789,0.73356,0.329345,0.318394,0.717595,0.172998,0.659218,0.771538,0.046098,0.013917,3.6673,3.6616,20,14
moore,9,0.08,1000,18,False,0.217977,0.91808,0.722693,0.327698,0.313581,0.773703,0.124923,0.657675,0.78023,0.04562,0.007925,3.7152,3.3925,26,15
moore,10,0.08,500,18,False,0.204232,0.920121,0.730784,0.346579,0.323721,0.763779,0.146893,0.662111,0.78261,0.045055,-0.002721,3.7941,3.6371,23,18
moore,10,0.08,1000,18,False,0.175845,0.856847,0.679435,0.330953,0.314515,0.80652,0.108306,0.660817,0.807656,0.044484,0.053609,3.7359,3.5127,19,12
hex,1,0.08,500,18,False,0.200389,0.905068,0.696331,0.333496,0.287239,0.705109,0.124732,0.659879,0.764489,0.049397,-0.028845,3.7248,3.5457,32,16
hex,1,0.08,1000,18,False,0.211589,0.869027,0.683355,0.340417,0.295998,0.673997,0.132402,0.663002,0.776737,0.049818,-0.035369,3.7192,3.6377,31,14
hex,2,0.08,500,18,False,0.174111,0.893428,0.680397,0.34021,0.286176,0.706614,0.104992,0.66207,0.773871,0.050759,0.013018,3.7277,3.5905,27,13
hex,2,0.08,1000,18,False,0.218557,0.938123,0.709056,0.313962,0.29749,0.760409,0.144643,0.663481,0.771023,0.049693,0.020775,3.6269,3.5262,27,13
hex,3,0.08,500,18,False,0.20254,0.822053,0.720896,0.343037,0.293455,0.656852,0.122826,0.658435,0.76522,0.05197,0.053972,3.7368,3.7382,30,16
hex,3,0.08,1000,18,False,0.178389,0.894486,0.657157,0.338879,0.300821,0.773817,0.133551,0.659001,0.768879,0.049998,0.005172,3.7286,3.477,29,11
hex,4,0.08,500,18,False,0.209825,0.888071,0.699641,0.328518,0.303609,0.702867,0.125837,0.661595,0.774326,0.051561,0.041844,3.6761,3.5587,32,15
hex,4,0.08,1000,18,False,0.208714,0.871501,0.739425,0.33878,0.32104,0.843854,0.125262,0.6578,0.76431,0.050951,0.005248,3.7411,3.529,29,16
hex,5,0.08,500,18,False,0.159197,0.885588,0.657132,0.338477,0.307626,0.737301,0.101024,0.658333,0.77574,0.048558,0.038281,3.7532,3.5981,29,10
hex,5,0.08,1000,18,False,0.172822,0.866326,0.711118,0.340686,0.2905,0.807516,0.113218,0.661464,0.785206,0.049784,-0.030019,3.7669,3.4682,33,14
hex,6,0.08,500,18,False,0.23538,0.932846,0.763206,0.334551,0.29888,0.656719,0.144473,0.661599,0.764244,0.052101,0.020534,3.7196,3.726,29,14
hex,6,0.08,1000,18,False,0.194274,0.880369,0.678429,0.339451,0.276861,0.701369,0.119766,0.663088,0.772289,0.051483,0.074939,3.7342,3.5666,33,14
hex,7,0.08,500,18,False,0.192525,0.959578,0.693565,0.336113,0.293731,0.662511,0.150616,0.661781,0.760367,0.053086,0.017816,3.724,3.6775,33,9
hex,7,0.08,1000,18,False,0.222504,0.920818,0.743843,0.347298,0.321054,0.724768,0.1455,0.658523,0.763233,0.049043,0.065855,3.7732,3.6895,24,20
hex,8,0.08,500,18,False,0.18462,0.929996,0.713104,0.321796,0.298343,0.696257,0.126781,0.664404,0.788384,0.04969,-0.002759,3.6752,3.6303,28,14
hex,8,0.08,1000,18,False,0.199818,0.831914,0.682124,0.332898,0.301149,0.795565,0.152348,0.658381,0.758844,0.051811,0.007242,3.7168,3.532,35,11
hex,9,0.08,500,18,False,0.245118,0.926132,0.719242,0.325987,0.301148,0.772479,0.15048,0.663072,0.75466,0.052313,0.059312,3.675,3.5097,30,15
hex,9,0.08,1000,18,False,0.200676,0.958362,0.703124,0.314555,0.297476,0.722951,0.10274,0.658954,0.749161,0.05203,0.024431,3.6421,3.4665,30,14
hex,10,0.08,500,18,False,0.193421,0.83874,0.69658,0.34554,0.303562,0.676581,0.134311,0.661174,0.764115,0.051597,0.000539,3.7748,3.7158,30,15
hex,10,0.08,1000,18,False,0.200429,0.891917,0.656591,0.328772,0.295665,0.743112,0.140908,0.661149,0.776824,0.051264,-0.015692,3.696,3.5588,27,9
random,1,0.08,500,18,False,0.180629,0.83899,0.725001,0.345861,0.346329,0.828938,0.182212,0.658574,0.719191,0.05506,0.015714,3.7593,3.7297,43,19
random,1,0.08,1000,18,False,0.218346,0.831051,0.689718,0.329167,0.344612,0.791616,0.217421,0.659339,0.730407,0.056814,-0.001896,3.6896,3.6151,42,14
random,2,0.08,500,18,False,0.218963,0.93104,0.719837,0.341176,0.359796,0.802599,0.223273,0.659303,0.723961,0.055636,0.003306,3.7516,3.6549,40,20
random,2,0.08,1000,18,False,0.219468,0.909506,0.721931,0.340191,0.337943,0.781127,0.211757,0.659557,0.710312,0.056152,0.001802,3.7457,3.6777,39,21
random,3,0.08,500,18,False,0.202519,0.937581,0.678532,0.329066,0.351126,0.834056,0.203442,0.657966,0.704804,0.056186,-0.066878,3.7152,3.6181,36,13
random,3,0.08,1000,18,False,0.189431,0.865751,0.714073,0.36171,0.340135,0.831657,0.199369,0.655932,0.744679,0.054977,-0.016588,3.8162,3.5596,39,16
random,4,0.08,500,18,False,0.182161,0.874735,0.680838,0.324239,0.347057,0.768999,0.181997,0.660402,0.731412,0.054575,-0.034944,3.7023,3.6458,38,13
random,4,0.08,1000,18,False,0.185872,0.887224,0.715356,0.354144,0.339447,0.791143,0.19597,0.655744,0.720354,0.054847,-0.035265,3.804,3.6975,33,20
random,5,0.08,500,18,False,0.168144,0.869184,0.686745,0.345001,0.34449,0.836574,0.173203,0.659288,0.745077,0.053358,-0.009593,3.7672,3.6519,42,13
random,5,0.08,1000,18,False,0.153689,0.861184,0.677154,0.351935,0.3416,0.811511,0.157095,0.659048,0.74582,0.052122,-0.031154,3.7769,3.6088,41,13
random,6,0.08,500,18,False,0.205474,0.912279,0.664312,0.330485,0.342907,0.834169,0.190878,0.659223,0.715474,0.054944,-0.019878,3.6826,3.6294,48,11
random,6,0.08,1000,18,False,0.173423,0.953351,0.674293,0.333613,0.339416,0.731894,0.174634,0.658493,0.76796,0.051772,-0.023357,3.6744,3.7244,34,14
random,7,0.08,500,18,False,0.183262,0.905922,0.754526,0.365912,0.348119,0.857988,0.192855,0.656483,0.729152,0.055166,0.019051,3.8168,3.5836,39,21
random,7,0.08,1000,18,False,0.209377,0.878842,0.739154,0.338133,0.339286,0.725299,0.203534,0.661496,0.739464,0.053545,-0.069582,3.743,3.7521,50,20
random,8,0.08,500,18,False,0.15128,0.872843,0.694303,0.357027,0.331445,0.772414,0.143808,0.656601,0.751493,0.053603,-0.020173,3.8086,3.6141,37,14
random,8,0.08,1000,18,False,0.199241,0.850089,0.695824,0.327195,0.342327,0.732587,0.214521,0.65852,0.716864,0.056388,-0.001877,3.7038,3.7029,38,13
random,9,0.08,500,18,False,0.18724,0.924316,0.719844,0.34526,0.340721,0.758107,0.207781,0.663478,0.722728,0.054897,0.007855,3.7463,3.7146,48,14
random,9,0.08,1000,18,False,0.188506,0.883407,0.72248,0.34679,0.342046,0.839844,0.180323,0.656596,0.730742,0.054617,0.004043,3.7645,3.5456,40,17
random,10,0.08,500,18,False,0.20317,0.956605,0.697787,0.333809,0.344292,0.820233,0.204821,0.658084,0.740322,0.052687,-0.035488,3.7307,3.536,50,14
random,10,0.08,1000,18,False,0.175535,0.935624,0.676702,0.330028,0.340948,0.768169,0.189771,0.662286,0.746625,0.055253,-0.024042,3.7285,3.6958,38,13
small_world,1,0.08,500,18,False,0.174277,0.847016,0.663747,0.328301,0.278573,0.767893,0.131559,0.658833,0.732085,0.064061,0.029796,3.673,3.5524,34,7
small_world,1,0.08,1000,18,False,0.151066,0.903212,0.717517,0.351509,0.281641,0.781235,0.117906,0.654644,0.732022,0.0655,-0.038694,3.7955,3.5092,35,16
small_world,2,0.08,500,18,False,0.179804,0.858704,0.673598,0.336964,0.285029,0.754287,0.16058,0.658112,0.723474,0.06461,-0.061274,3.7482,3.5969,40,14
small_world,2,0.08,1000,18,False,0.184844,0.871307,0.685019,0.344431,0.297286,0.79463,0.166857,0.660343,0.722117,0.065402,-0.019588,3.7599,3.612,39,12
small_world,3,0.08,500,18,False,0.156619,0.856911,0.684423,0.323726,0.279051,0.81074,0.099451,0.659404,0.747886,0.065883,-0.049296,3.7165,3.4421,38,12
small_world,3,0.08,1000,18,False,0.205574,0.894269,0.681037,0.330931,0.294659,0.681631,0.16445,0.660004,0.72365,0.062325,-0.006255,3.7081,3.7971,35,12
small_world,4,0.08,500,18,False,0.173273,0.879194,0.670829,0.336954,0.286351,0.669289,0.143322,0.658358,0.72909,0.06324,-0.040768,3.7428,3.734,36,12
small_world,4,0.08,1000,18,False,0.177812,0.914631,0.710303,0.358916,0.293868,0.823457,0.135911,0.658971,0.722575,0.062817,0.099615,3.8089,3.5104,38,16
small_world,5,0.08,500,18,False,0.164556,0.928773,0.651916,0.329801,0.296792,0.717053,0.125246,0.656077,0.731505,0.062591,-0.076191,3.7217,3.7259,42,9
small_world,5,0.08,1000,18,False,0.167156,0.89371,0.688851,0.347902,0.294639,0.723036,0.128878,0.660462,0.739717,0.061925,0.012169,3.7677,3.689,32,12
small_world,6,0.08,500,18,False,0.201181,0.897766,0.701509,0.340784,0.310463,0.783509,0.127888,0.655996,0.726268,0.065927,-0.042531,3.7431,3.5929,47,16
small_world,6,0.08,1000,18,False,0.19242,0.841663,0.709656,0.358807,0.29085,0.781176,0.155329,0.659566,0.748402,0.06366,0.005574,3.788,3.5135,42,16
small_world,7,0.08,500,18,False,0.190735,0.931604,0.703596,0.34544,0.291637,0.69114,0.150772,0.658614,0.721043,0.062925,0.06161,3.7354,3.7008,42,16
small_world,7,0.08,1000,18,False,0.201188,0.965266,0.707171,0.340505,0.296975,0.710333,0.179368,0.660975,0.728247,0.065295,-0.055406,3.7711,3.7015,45,17
small_world,8,0.08,500,18,False,0.174199,0.858752,0.684076,0.343321,0.293189,0.646952,0.152421,0.659356,0.720394,0.063238,-0.002224,3.7521,3.8391,35,13
small_world,8,0.08,1000,18,False,0.215315,0.876099,0.728898,0.361303,0.292008,0.66255,0.177126,0.653822,0.726482,0.064524,-0.031825,3.8178,3.7642,46,17
small_world,9,0.08,500,18,False,0.182636,0.943456,0.748961,0.350307,0.292542,0.694133,0.128586,0.655201,0.724236,0.063981,0.016289,3.8051,3.7663,41,25
small_world,9,0.08,1000,18,False,0.167747,0.940692,0.688284,0.36467,0.289138,0.726663,0.109784,0.655134,0.73367,0.064029,0.023638,3.85,3.6621,42,14
small_world,10,0.08,500,18,False,0.195048,0.856495,0.701504,0.338888,0.297895,0.70113,0.158666,0.660828,0.731686,0.064955,0.01542,3.7409,3.7947,42,15
small_world,10,0.08,1000,18,False,0.192925,0.90782,0.692916,0.347919,0.298487,0.734757,0.143833,0.658006,0.723142,0.065862,-0.004249,3.782,3.7614,42,15
von_neumann,1,0.12,500,18,False,0.178944,0.912719,0.688246,0.323917,0.227783,0.633356,0.101695,0.661413,0.663803,0.093722,0.000678,3.7068,3.5368,41,13
von_neumann,1,0.12,1000,18,False,0.19045,0.918404,0.691582,0.346036,0.240931,0.779838,0.129389,0.659798,0.662381,0.094539,-0.040834,3.7471,3.3608,46,12
von_neumann,2,0.12,500,18,False,0.182447,0.895913,0.703983,0.334852,0.228206,0.659231,0.121305,0.662129,0.666623,0.098707,-0.051277,3.7201,3.524,38,16
von_neumann,2,0.12,1000,18,False,0.189929,0.889862,0.727163,0.347849,0.243873,0.758455,0.121267,0.65739,0.67002,0.095181,0.007026,3.7723,3.3369,41,15
von_neumann,3,0.12,500,18,False,0.212581,0.967126,0.727448,0.337551,0.237062,0.703989,0.162783,0.657778,0.636529,0.102428,0.007219,3.7505,3.5579,34,18
von_neumann,3,0.12,1000,18,False,0.175729,0.837911,0.69132,0.331768,0.240551,0.670296,0.149418,0.656953,0.662297,0.096001,0.049424,3.7194,3.5371,38,14
von_neumann,4,0.12,500,18,False,0.192692,0.919876,0.72443,0.331512,0.248492,0.559897,0.125904,0.658393,0.662653,0.096657,-0.003465,3.7254,3.8166,40,19
von_neumann,4,0.12,1000,18,False,0.196578,0.855799,0.704848,0.339363,0.257556,0.695323,0.131233,0.658514,0.644008,0.098259,0.002254,3.7392,3.6087,36,16
von_neumann,5,0.12,500,18,False,0.122159,0.885159,0.614441,0.355445,0.2543,0.702582,0.083231,0.653486,0.674321,0.093795,0.014215,3.799,3.5781,39,8
von_neumann,5,0.12,1000,18,False,0.149904,0.811759,0.670313,0.344044,0.237476,0.697164,0.104837,0.659659,0.676932,0.097284,-0.029512,3.7722,3.5093,43,10
von_neumann,6,0.12,500,18,False,0.225385,0.967652,0.694224,0.326783,0.246724,0.704386,0.165456,0.65794,0.652844,0.097856,-0.037329,3.6696,3.5572,42,16
von_neumann,6,0.12,1000,18,False,0.182587,0.912592,0.68342,0.353307,0.231173,0.825283,0.130127,0.660903,0.660765,0.098593,0.026482,3.7883,3.2692,33,12
von_neumann,7,0.12,500,18,False,0.159378,0.853495,0.628119,0.316421,0.235319,0.589609,0.117659,0.659117,0.664233,0.09766,-0.010314,3.6512,3.7226,35,6
von_neumann,7,0.12,1000,18,False,0.191504,0.910749,0.712551,0.352378,0.2545,0.627012,0.119056,0.660021,0.658229,0.092996,0.073965,3.791,3.6945,41,16
von_neumann,8,0.12,500,18,False,0.168214,0.878839,0.682201,0.352747,0.240387,0.599092,0.125892,0.658572,0.675373,0.096415,-0.056953,3.7752,3.6701,34,13
von_neumann,8,0.12,1000,18,False,0.1837,0.886179,0.743976,0.339784,0.240301,0.709196,0.156365,0.658238,0.648105,0.100592,0.014048,3.7619,3.5071,43,21
von_neumann,9,0.12,500,18,False,0.244575,0.902268,0.744122,0.316671,0.246321,0.719733,0.169882,0.659675,0.634253,0.096776,0.006129,3.6609,3.4936,33,23
von_neumann,9,0.12,1000,18,False,0.212676,0.954803,0.708378,0.338373,0.236634,0.614787,0.13154,0.661762,0.639681,0.102016,0.045159,3.7274,3.6094,41,17
von_neumann,10,0.12,500,18,False,0.167705,0.886169,0.719335,0.352167,0.250617,0.660788,0.099421,0.656714,0.667763,0.09865,-0.022283,3.7952,3.6592,36,15
von_neumann,10,0.12,1000,18,False,0.19443,0.873821,0.688831,0.331017,0.229653,0.660169,0.152464,0.657499,0.666168,0.10051,-0.057611,3.6801,3.5319,44,12
moore,1,0.12,500,18,False,0.188313,0.906814,0.694587,0.356626,0.271101,0.671945,0.110966,0.657326,0.714731,0.060694,0.008007,3.8033,3.5572,22,14
moore,1,0.12,1000,18,False,0.20561,0.856628,0.675865,0.311991,0.278718,0.736893,0.122482,0.665218,0.71479,0.059326,0.000202,3.6082,3.5012,22,11
moore,2,0.12,500,18,False,0.181327,0.845111,0.731121,0.352792,0.270395,0.741471,0.106719,0.664381,0.727908,0.061371,-0.035532,3.7794,3.4574,23,16
moore,2,0.12,1000,18,False,0.217214,0.892972,0.695966,0.320197,0.283622,0.70321,0.123269,0.665144,0.707875,0.059806,0.070183,3.6628,3.6072,19,13
moore,3,0.12,500,18,False,0.216605,0.835788,0.698706,0.3287,0.281748,0.728062,0.132134,0.661204,0.698106,0.063978,0.059623,3.6789,3.5702,24,15
moore,3,0.12,1000,18,False,0.16628,0.924919,0.73179,0.35514,0.274556,0.613259,0.097062,0.657292,0.730772,0.059634,0.053227,3.8083,3.6113,24,17
moore,4,0.12,500,18,False,0.219212,0.934207,0.698796,0.343216,0.287574,0.633766,0.12776,0.662435,0.714519,0.062291,0.027157,3.7506,3.6208,25,13
moore,4,0.12,1000,18,False,0.218089,0.94697,0.708299,0.324963,0.295851,0.796291,0.111596,0.660122,0.697492,0.061847,0.042595,3.6576,3.4484,16,15
moore,5,0.12,500,18,False,0.144546,0.878357,0.694402,0.333394,0.286635,0.704775,0.082732,0.660838,0.717142,0.058847,0.043102,3.7373,3.6087,23,14
moore,5,0.12,1000,18,False,0.175177,0.886424,0.664861,0.335994,0.274679,0.735612,0.115229,0.662877,0.725299,0.060949,-0.060566,3.6992,3.4819,26,11
moore,6,0.12,500,18,False,0.249612,0.913144,0.712156,0.335138,0.279871,0.749737,0.130732,0.662912,0.709522,0.061771,0.070357,3.6976,3.4776,24,13
moore,6,0.12,1000,18,False,0.197195,0.863996,0.699973,0.345917,0.259589,0.620961,0.119609,0.663385,0.712074,0.062468,0.078094,3.7589,3.6883,16,12
moore,7,0.12,500,18,False,0.189797,0.860249,0.689401,0.340134,0.27893,0.670864,0.135238,0.660613,0.709534,0.063851,0.034064,3.7314,3.5924,24,11
moore,7,0.12,1000,18,False,0.226189,0.900768,0.744827,0.345095,0.307293,0.671012,0.126898,0.658977,0.700414,0.059798,0.050918,3.7714,3.7634,18,18
moore,8,0.12,500,18,False,0.183851,0.882657,0.691937,0.313678,0.278913,0.856852,0.110866,0.665774,0.734507,0.060953,-0.005688,3.6533,3.257,21,13
moore,8,0.12,1000,18,False,0.210354,0.917291,0.731032,0.340696,0.273591,0.711376,0.138826,0.658209,0.686666,0.063364,0.037643,3.7431,3.5194,20,17
moore,9,0.12,500,18,False,0.253726,0.908964,0.715996,0.328368,0.282232,0.630391,0.154639,0.661003,0.681746,0.064351,0.025178,3.6732,3.6934,16,15
moore,9,0.12,1000,18,False,0.230931,0.927058,0.733937,0.333882,0.282251,0.774151,0.111876,0.657962,0.690021,0.063643,0.017269,3.7215,3.2885,24,17
moore,10,0.12,500,18,False,0.20102,0.9165,0.756203,0.344905,0.291509,0.869633,0.126098,0.661421,0.692961,0.06216,0.005208,3.7928,3.354,23,19
moore,10,0.12,1000,18,False,0.180398,0.911832,0.694645,0.328804,0.285111,0.809711,0.099347,0.661677,0.727243,0.060918,0.048871,3.6929,3.3797,24,13
hex,1,0.12,500,18,False,0.192319,0.920426,0.7097,0.333267,0.258068,0.637138,0.104917,0.660512,0.689841,0.06846,-0.009793,3.7126,3.5496,33,15
hex,1,0.12,1000,18,False,0.214238,0.833867,0.687723,0.338022,0.274466,0.798855,0.121166,0.663499,0.689757,0.068138,-0.028692,3.6995,3.4074,32,13
hex,2,0.12,500,18,False,0.174647,0.948231,0.68953,0.338782,0.259887,0.671297,0.100128,0.662635,0.699337,0.070039,0.030652,3.7579,3.5734,26,11
hex,2,0.12,1000,18,False,0.217931,0.938604,0.701664,0.315957,0.276236,0.801287,0.12388,0.663292,0.686939,0.068641,0.042574,3.6692,3.4004,23,14
hex,3,0.12,500,18,False,0.210724,0.853587,0.723969,0.341841,0.272403,0.656034,0.11865,0.659168,0.6831,0.07238,0.068964,3.761,3.6874,26,19
hex,3,0.12,1000,18,False,0.172619,0.92347,0.667043,0.335769,0.275654,0.821889,0.119535,0.659574,0.687148,0.068543,0.030735,3.721,3.2861,31,12
hex,4,0.12,500,18,False,0.213903,0.866382,0.709095,0.335373,0.282658,0.639907,0.111609,0.661709,0.684771,0.071047,0.066034,3.7279,3.6504,32,15
hex,4,0.12,1000,18,False,0.21938,0.896895,0.743073,0.33243,0.296672,0.795084,0.120346,0.659257,0.674427,0.071319,0.025547,3.7036,3.5246,32,19
hex,5,0.12,500,18,False,0.153529,0.905602,0.632547,0.339473,0.285605,0.760483,0.090257,0.65808,0.69589,0.067141,0.044984,3.7395,3.5884,24,7
hex,5,0.12,1000,18,False,0.186129,0.875347,0.711234,0.331603,0.269599,0.80197,0.113194,0.662797,0.705664,0.069101,-0.017597,3.7118,3.3836,31,14
hex,6,0.12,500,18,False,0.238323,0.929803,0.767794,0.331829,0.274315,0.701737,0.132787,0.662355,0.676509,0.071483,0.027831,3.709,3.6013,32,15
hex,6,0.12,1000,18,False,0.195503,0.885884,0.693891,0.338494,0.251868,0.611536,0.105749,0.662666,0.692089,0.071411,0.08282,3.7452,3.6391,31,14
hex,7,0.12,500,18,False,0.192595,0.949561,0.70788,0.33475,0.268861,0.732955,0.132771,0.661939,0.678517,0.074,0.01464,3.7375,3.4545,35,11
hex,7,0.12,1000,18,False,0.231937,0.912374,0.759488,0.347399,0.296219,0.774021,0.138481,0.659568,0.673761,0.067914,0.049696,3.7701,3.5392,35,22
hex,8,0.12,500,18,False,0.189441,0.900333,0.694597,0.3224,0.277024,0.767052,0.109974,0.663808,0.704171,0.068286,-0.015645,3.6947,3.4123,29,15
hex,8,0.12,1000,18,False,0.200848,0.92876,0.687772,0.325223,0.274352,0.751657,0.140194,0.658454,0.671674,0.071578,0.0339,3.6602,3.5644,29,11
hex,9,0.12,500,18,False,0.246841,0.909292,0.724235,0.319153,0.271713,0.645598,0.135795,0.664295,0.671839,0.073259,0.066061,3.6741,3.5986,29,15
hex,9,0.12,1000,18,False,0.208666,0.961332,0.677189,0.320535,0.273114,0.661984,0.092104,0.660008,0.661481,0.072783,0.016786,3.6725,3.5193,30,12
hex,10,0.12,500,18,False,0.189386,0.813707,0.687009,0.34218,0.277543,0.785221,0.120674,0.661005,0.685947,0.071706,-0.0118,3.7545,3.399,33,14
hex,10,0.12,1000,18,False,0.205076,0.896112,0.699318,0.332063,0.272421,0.681259,0.13514,0.662431,0.695311,0.070302,-0.008003,3.7225,3.6057,24,14
random,1,0.12,500,18,False,0.181668,0.892413,0.717504,0.343204,0.345533,0.782991,0.189154,0.658217,0.644552,0.0746,0.024356,3.755,3.8071,43,19
random,1,0.12,1000,18,False,0.221856,0.813659,0.693201,0.334834,0.345526,0.856693,0.220755,0.658176,0.651936,0.076432,0.013582,3.6816,3.5695,38,14
random,2,0.12,500,18,False,0.221849,0.902326,0.706663,0.337638,0.359173,0.768431,0.221363,0.658715,0.654958,0.075349,0.015049,3.7321,3.7112,40,16
random,2,0.12,1000,18,False,0.21961,0.923951,0.717857,0.343711,0.338244,0.736543,0.211842,0.658682,0.635451,0.075976,0.005526,3.7299,3.7738,40,21
random,3,0.12,500,18,False,0.204174,0.904045,0.701491,0.333452,0.349558,0.837722,0.2051,0.657589,0.630193,0.076416,-0.046905,3.7196,3.6239,38,18
random,3,0.12,1000,18,False,0.19287,0.893532,0.723119,0.362206,0.339589,0.806433,0.198874,0.656258,0.672482,0.073627,-0.013543,3.8196,3.6121,39,18
random,4,0.12,500,18,False,0.181194,0.862376,0.714937,0.327592,0.345657,0.753498,0.179643,0.659706,0.664165,0.073756,-0.039637,3.7205,3.6733,40,18
random,4,0.12,1000,18,False,0.179808,0.895578,0.707373,0.353985,0.338675,0.848921,0.18796,0.655168,0.647508,0.074093,-0.031271,3.7942,3.5751,37,18
random,5,0.12,500,18,False,0.175907,0.827552,0.685606,0.339924,0.345017,0.8721,0.179865,0.659424,0.682437,0.072426,-0.006464,3.7626,3.5739,44,14
random,5,0.12,1000,18,False,0.159572,0.912837,0.699393,0.345795,0.340955,0.79138,0.155182,0.659493,0.682916,0.070326,-0.024692,3.7607,3.6592,38,15
random,6,0.12,500,18,False,0.209864,0.973123,0.683588,0.330193,0.34785,0.817119,0.196848,0.65828,0.642141,0.074311,-0.022381,3.707,3.6489,47,12
random,6,0.12,1000,18,False,0.174982,0.936507,0.647079,0.329606,0.341022,0.713444,0.173619,0.659743,0.704445,0.069611,-0.0159,3.6903,3.7332,33,10
random,7,0.12,500,18,False,0.181043,0.884155,0.733516,0.355489,0.344988,0.800279,0.190639,0.656104,0.664035,0.074019,0.009023,3.8124,3.6617,39,24
random,7,0.12,1000,18,False,0.208606,0.878293,0.714374,0.339575,0.340523,0.748158,0.200865,0.660973,0.67127,0.072184,-0.049654,3.7366,3.6941,49,18
random,8,0.12,500,18,False,0.154637,0.894475,0.701697,0.357643,0.328714,0.766164,0.151717,0.656639,0.686454,0.071999,-0.021556,3.8141,3.5959,35,16
random,8,0.12,1000,18,False,0.201879,0.841635,0.68096,0.333081,0.33948,0.802521,0.214772,0.659319,0.638236,0.076368,0.014108,3.7149,3.5942,35,12
random,9,0.12,500,18,False,0.171784,0.883947,0.715677,0.350589,0.336596,0.774198,0.192801,0.662598,0.653571,0.074158,0.018178,3.7964,3.7189,40,18
random,9,0.12,1000,18,False,0.184793,0.85485,0.718405,0.351756,0.339942,0.748267,0.178988,0.657994,0.662555,0.073387,0.003307,3.797,3.6944,39,17
random,10,0.12,500,18,False,0.204925,0.891851,0.719999,0.336561,0.343431,0.74486,0.20148,0.656654,0.670452,0.07131,-0.032517,3.7252,3.6918,49,17
random,10,0.12,1000,18,False,0.177362,0.945491,0.667507,0.330348,0.343288,0.843306,0.188542,0.661905,0.676523,0.075015,0.001618,3.7065,3.5533,29,12
small_world,1,0.12,500,18,False,0.167873,0.848637,0.665843,0.333891,0.264119,0.763161,0.121833,0.659449,0.662782,0.090247,0.055295,3.7048,3.5356,30,11
small_world,1,0.12,1000,18,False,0.151283,0.851386,0.671724,0.340879,0.265979,0.80585,0.116,0.655132,0.663337,0.091627,-0.060747,3.729,3.4672,39,13
small_world,2,0.12,500,18,False,0.176947,0.83806,0.692557,0.337293,0.271664,0.702008,0.162299,0.658289,0.658165,0.090536,-0.056501,3.7282,3.6704,35,14
small_world,2,0.12,1000,18,False,0.194008,0.860598,0.673453,0.338131,0.288396,0.757273,0.166213,0.660543,0.647028,0.091521,-0.025055,3.7418,3.7333,39,11
small_world,3,0.12,500,18,False,0.15346,0.878258,0.6704,0.328196,0.266125,0.79716,0.091852,0.658358,0.678871,0.091974,-0.057348,3.7212,3.4292,35,13
small_world,3,0.12,1000,18,False,0.203116,0.937942,0.669632,0.326057,0.279179,0.753873,0.162565,0.659632,0.653787,0.087469,-0.019389,3.7028,3.6258,46,14
small_world,4,0.12,500,18,False,0.171123,0.858165,0.685043,0.337106,0.273615,0.702487,0.139798,0.657149,0.65613,0.088608,-0.044679,3.743,3.652,34,13
small_world,4,0.12,1000,18,False,0.183682,0.899717,0.717773,0.34565,0.28127,0.734736,0.138749,0.659209,0.642497,0.088418,0.103632,3.7421,3.6427,38,16
small_world,5,0.12,500,18,False,0.155618,0.883488,0.680872,0.340371,0.284139,0.702575,0.114943,0.656944,0.663641,0.087485,-0.040106,3.7434,3.7611,38,11
small_world,5,0.12,1000,18,False,0.163676,0.894711,0.674151,0.342449,0.282183,0.698279,0.126556,0.661268,0.674596,0.08632,0.018633,3.7426,3.6689,30,11
small_world,6,0.12,500,18,False,0.20948,0.894501,0.690446,0.333441,0.299514,0.719144,0.130405,0.655004,0.647603,0.091544,-0.039536,3.6941,3.695,49,15
small_world,6,0.12,1000,18,False,0.189431,0.841281,0.67837,0.360603,0.27725,0.779095,0.14749,0.660041,0.679657,0.088738,0.004272,3.7495,3.5198,40,12
small_world,7,0.12,500,18,False,0.185284,0.923485,0.704733,0.356016,0.273941,0.740775,0.144809,0.656424,0.647818,0.08847,0.066314,3.7956,3.5614,41,16
small_world,7,0.12,1000,18,False,0.20584,0.930458,0.712413,0.3425,0.282286,0.730835,0.181246,0.662235,0.654426,0.091979,-0.067681,3.7469,3.6423,47,19
small_world,8,0.12,500,18,False,0.162495,0.867702,0.702043,0.34047,0.272997,0.650363,0.146717,0.660356,0.654632,0.088624,0.001274,3.7475,3.7654,38,14
small_world,8,0.12,1000,18,False,0.217623,0.89569,0.701034,0.360342,0.280319,0.671223,0.171968,0.654046,0.653961,0.089814,-0.030233,3.7904,3.7477,43,16
small_world,9,0.12,500,18,False,0.185878,0.944,0.708246,0.344784,0.27776,0.696621,0.127728,0.656126,0.654775,0.089802,0.031214,3.7654,3.7046,41,19
small_world,9,0.12,1000,18,False,0.166293,0.934168,0.671486,0.357405,0.27692,0.683192,0.10307,0.65405,0.664434,0.088692,0.019377,3.8217,3.7061,38,14
small_world,10,0.12,500,18,False,0.197813,0.868911,0.694566,0.338172,0.285171,0.642855,0.162304,0.660847,0.659711,0.09121,0.016561,3.7439,3.863,45,14
small_world,10,0.12,1000,18,False,0.190433,0.858971,0.703475,0.347173,0.288235,0.745206,0.132915,0.658872,0.650752,0.092022,-0.009429,3.7713,3.7071,40,17
von_neumann,1,0.2,500,18,False,0.167085,0.894118,0.703923,0.32572,0.208322,0.588042,0.092025,0.660876,0.616322,0.151296,-0.007263,3.6989,3.5431,39,15
von_neumann,1,0.2,1000,18,False,0.191866,0.877291,0.689089,0.337048,0.226454,0.74993,0.128368,0.65934,0.602387,0.150988,-0.024214,3.7303,3.3253,42,13
von_neumann,2,0.2,500,18,False,0.175074,0.930482,0.703786,0.332833,0.212173,0.547169,0.119055,0.662218,0.622257,0.158475,-0.012149,3.7577,3.705,42,17
von_neumann,2,0.2,1000,18,False,0.189642,0.855614,0.707138,0.344648,0.231666,0.825418,0.116102,0.657296,0.613616,0.15303,-0.013639,3.7787,3.1787,42,17
von_neumann,3,0.2,500,18,False,0.218394,0.986196,0.708568,0.333893,0.22302,0.714932,0.169659,0.657117,0.574745,0.164766,0.01515,3.72,3.4896,35,15
von_neumann,3,0.2,1000,18,False,0.175352,0.868116,0.674954,0.329315,0.225327,0.567194,0.146969,0.657928,0.608442,0.15317,0.070469,3.7253,3.7451,40,13
von_neumann,4,0.2,500,18,False,0.195735,0.951629,0.728323,0.333316,0.235339,0.578669,0.124705,0.658074,0.600043,0.155471,-0.000508,3.7265,3.7258,39,19
von_neumann,4,0.2,1000,18,False,0.196517,0.859373,0.695256,0.34376,0.239861,0.665572,0.13202,0.658098,0.583906,0.159034,0.029595,3.7529,3.6093,40,16
von_neumann,5,0.2,500,18,False,0.117079,0.88207,0.624603,0.355323,0.238259,0.626625,0.085167,0.653503,0.625273,0.151589,0.000857,3.82,3.6676,36,9
von_neumann,5,0.2,1000,18,False,0.154793,0.81993,0.646486,0.345341,0.225076,0.662084,0.103718,0.659794,0.622443,0.156606,-0.016057,3.7747,3.552,42,12
von_neumann,6,0.2,500,18,False,0.214776,0.955123,0.680781,0.327998,0.230269,0.697115,0.158602,0.659461,0.595575,0.157143,-0.024031,3.6938,3.4659,43,14
von_neumann,6,0.2,1000,18,False,0.173897,0.888749,0.693065,0.355977,0.216838,0.788773,0.118577,0.660446,0.610955,0.158199,0.029822,3.7616,3.2836,39,14
von_neumann,7,0.2,500,18,False,0.160919,0.850501,0.635378,0.319985,0.219535,0.626473,0.11143,0.659255,0.614189,0.157702,-0.016621,3.6804,3.5357,34,8
von_neumann,7,0.2,1000,18,False,0.187214,0.901514,0.705939,0.347136,0.234735,0.721686,0.109695,0.660909,0.60816,0.149431,0.064531,3.8013,3.4261,40,14
von_neumann,8,0.2,500,18,False,0.168848,0.881754,0.683304,0.353039,0.228207,0.67411,0.123462,0.657755,0.618143,0.154574,-0.064617,3.7882,3.5259,38,13
von_neumann,8,0.2,1000,18,False,0.18245,0.872991,0.702442,0.330206,0.222163,0.637124,0.151298,0.659974,0.59624,0.161611,0.015323,3.7075,3.5407,39,17
von_neumann,9,0.2,500,18,False,0.240468,0.964717,0.712972,0.312198,0.228005,0.707272,0.165091,0.658427,0.583234,0.156425,-0.006413,3.6359,3.4202,37,18
von_neumann,9,0.2,1000,18,False,0.215273,0.948681,0.72884,0.342333,0.221617,0.64578,0.132545,0.661554,0.584044,0.164253,0.044431,3.7635,3.4527,43,18
von_neumann,10,0.2,500,18,False,0.166158,0.871209,0.717271,0.354627,0.233832,0.632834,0.096792,0.656562,0.613076,0.158588,-0.034659,3.8106,3.6612,34,18
von_neumann,10,0.2,1000,18,False,0.195829,0.885241,0.700253,0.335332,0.215188,0.661549,0.156366,0.656792,0.609289,0.160496,-0.07052,3.706,3.4828,46,15
moore,1,0.2,500,18,False,0.175826,0.926992,0.689502,0.354933,0.24101,0.678913,0.088388,0.659025,0.644002,0.096546,0.030849,3.7673,3.3875,26,13
moore,1,0.2,1000,18,False,0.204214,0.911472,0.69799,0.316038,0.253894,0.634756,0.111081,0.664888,0.622364,0.09302,0.013597,3.6807,3.6443,21,12
moore,2,0.2,500,18,False,0.184798,0.895729,0.71887,0.348433,0.243051,0.623439,0.102594,0.665007,0.659494,0.09683,-0.01079,3.7456,3.6101,24,14
moore,2,0.2,1000,18,False,0.219342,0.885715,0.711245,0.322914,0.26236,0.785307,0.103771,0.664421,0.617974,0.094598,0.081633,3.6646,3.4295,21,16
moore,3,0.2,500,18,False,0.222227,0.840512,0.702245,0.332185,0.256953,0.731454,0.125879,0.661924,0.612324,0.10172,0.067158,3.6904,3.4446,19,16
moore,3,0.2,1000,18,False,0.160873,0.923627,0.716788,0.348427,0.245785,0.587331,0.07795,0.657923,0.652028,0.09332,0.063912,3.7852,3.5335,23,15
moore,4,0.2,500,18,False,0.222201,0.917661,0.741378,0.347527,0.263861,0.625323,0.112842,0.662731,0.617461,0.098339,0.079716,3.7771,3.5653,21,16
moore,4,0.2,1000,18,False,0.226054,0.960344,0.7015,0.320198,0.26961,0.778516,0.102885,0.660915,0.606443,0.099485,0.08453,3.6431,3.4456,17,14
moore,5,0.2,500,18,False,0.146312,0.877385,0.688893,0.338873,0.260786,0.70938,0.08016,0.661898,0.639592,0.093508,0.042033,3.7672,3.5609,24,12
moore,5,0.2,1000,18,False,0.191083,0.875467,0.713052,0.33285,0.25216,0.650028,0.113619,0.662819,0.637517,0.096651,-0.035764,3.7247,3.5473,26,14
moore,6,0.2,500,18,False,0.25235,0.908578,0.703588,0.327317,0.253425,0.721429,0.114534,0.664725,0.618319,0.097213,0.066346,3.6793,3.4446,23,13
moore,6,0.2,1000,18,False,0.193356,0.846492,0.723731,0.345512,0.232345,0.617722,0.1032,0.662727,0.631049,0.09932,0.078657,3.7638,3.6022,21,15
moore,7,0.2,500,18,False,0.185614,0.868769,0.705681,0.345001,0.251717,0.591747,0.114021,0.661202,0.626844,0.101802,0.050098,3.7637,3.6671,19,12
moore,7,0.2,1000,18,False,0.232335,0.901874,0.743792,0.335777,0.280925,0.701453,0.116915,0.660871,0.610525,0.094816,0.037633,3.6991,3.6198,22,15
moore,8,0.2,500,18,False,0.187005,0.931004,0.694376,0.312208,0.25668,0.916509,0.095768,0.665012,0.644731,0.095901,-0.004851,3.657,3.1481,22,14
moore,8,0.2,1000,18,False,0.206105,0.885445,0.690932,0.337448,0.241816,0.595645,0.118309,0.657982,0.59906,0.100176,0.07527,3.702,3.6112,14,9
moore,9,0.2,500,18,False,0.248479,0.951835,0.710621,0.329967,0.252282,0.60113,0.13357,0.662956,0.603202,0.102903,0.038796,3.6774,3.6555,18,15
moore,9,0.2,1000,18,False,0.241573,0.922855,0.721164,0.339001,0.256696,0.723807,0.101334,0.658351,0.601046,0.101677,0.024438,3.7028,3.2727,21,14
moore,10,0.2,500,18,False,0.200151,0.926989,0.733758,0.340674,0.262929,0.931089,0.107983,0.662143,0.611904,0.098418,0.022126,3.7722,3.1642,21,20
moore,10,0.2,1000,18,False,0.188639,0.919421,0.692813,0.338503,0.261236,0.708253,0.096714,0.662088,0.645879,0.095911,0.050352,3.7486,3.5098,23,11
hex,1,0.2,500,18,False,0.185934,0.917366,0.732022,0.331316,0.235359,0.58918,0.090524,0.661371,0.626974,0.10903,0.010657,3.6962,3.5457,33,16
hex,1,0.2,1000,18,False,0.215482,0.900493,0.689824,0.334492,0.256554,0.775831,0.111798,0.664305,0.606483,0.107222,-0.010359,3.7236,3.4026,30,13
hex,2,0.2,500,18,False,0.175642,0.968408,0.699693,0.339518,0.239755,0.684542,0.097288,0.662364,0.636079,0.110798,0.037419,3.7629,3.4402,31,12
hex,2,0.2,1000,18,False,0.216978,0.931518,0.728851,0.324566,0.260312,0.74611,0.104646,0.662342,0.613502,0.10895,0.061854,3.6969,3.4837,25,15
hex,3,0.2,500,18,False,0.215471,0.894457,0.729549,0.340884,0.256126,0.714021,0.114667,0.659608,0.611201,0.115265,0.080729,3.7379,3.5275,31,18
hex,3,0.2,1000,18,False,0.169993,0.938642,0.646423,0.329685,0.254571,0.831971,0.107109,0.659636,0.616139,0.107907,0.063862,3.7256,3.2099,35,13
hex,4,0.2,500,18,False,0.218452,0.885191,0.715723,0.339667,0.265323,0.703107,0.101974,0.66218,0.598626,0.112346,0.094594,3.7309,3.4452,26,18
hex,4,0.2,1000,18,False,0.224899,0.901975,0.738402,0.329783,0.275787,0.84727,0.113823,0.660878,0.593283,0.114322,0.054773,3.7174,3.3745,30,18
hex,5,0.2,500,18,False,0.1455,0.862368,0.644422,0.346425,0.267435,0.606326,0.081472,0.658503,0.626297,0.106754,0.040671,3.7243,3.8134,27,8
hex,5,0.2,1000,18,False,0.195868,0.857705,0.714068,0.321351,0.253549,0.737151,0.111901,0.66348,0.635033,0.109889,0.000976,3.6639,3.4156,29,14
hex,6,0.2,500,18,False,0.234879,0.899133,0.763441,0.334916,0.253942,0.6734,0.118106,0.66288,0.598421,0.112563,0.042989,3.7107,3.5933,34,16
hex,6,0.2,1000,18,False,0.192274,0.888095,0.686643,0.337481,0.233597,0.585715,0.089916,0.661648,0.625351,0.113417,0.091182,3.7368,3.692,27,14
hex,7,0.2,500,18,False,0.190354,0.918235,0.688029,0.333928,0.250454,0.78385,0.115712,0.662137,0.604307,0.118107,0.01627,3.7435,3.2813,32,12
hex,7,0.2,1000,18,False,0.233972,0.880988,0.769333,0.354149,0.274083,0.692363,0.128179,0.659544,0.598999,0.107826,0.039409,3.7855,3.6219,26,25
hex,8,0.2,500,18,False,0.188153,0.886191,0.689922,0.324621,0.259716,0.735272,0.092167,0.663597,0.629122,0.107746,-0.026748,3.6827,3.4281,33,13
hex,8,0.2,1000,18,False,0.201165,0.943717,0.678725,0.317425,0.252086,0.691447,0.127904,0.65958,0.597834,0.113375,0.075333,3.6828,3.5789,27,10
hex,9,0.2,500,18,False,0.247469,0.925052,0.699323,0.313981,0.249604,0.561972,0.125322,0.664888,0.601963,0.117346,0.062248,3.6435,3.6824,33,14
hex,9,0.2,1000,18,False,0.216701,0.940988,0.690084,0.325353,0.254675,0.679536,0.085797,0.660972,0.583522,0.116395,0.009141,3.6798,3.4551,33,13
hex,10,0.2,500,18,False,0.186736,0.866498,0.684327,0.338613,0.257192,0.862266,0.11028,0.661079,0.61821,0.113978,-0.013702,3.7013,3.1651,25,13
hex,10,0.2,1000,18,False,0.208465,0.932174,0.725931,0.336771,0.255254,0.685992,0.1294,0.662431,0.621905,0.110612,0.003829,3.7434,3.5469,18,16
random,1,0.2,500,18,False,0.18223,0.844028,0.709006,0.340659,0.343783,0.774081,0.194616,0.657389,0.586325,0.116505,0.019266,3.7536,3.7886,44,18
random,1,0.2,1000,18,False,0.220959,0.823557,0.718353,0.343586,0.346155,0.840594,0.22107,0.656744,0.586473,0.11842,0.022122,3.7277,3.6069,44,15
random,2,0.2,500,18,False,0.225316,0.90327,0.73275,0.331224,0.358726,0.776197,0.219424,0.6579,0.603028,0.117351,0.022982,3.6955,3.6827,41,21
random,2,0.2,1000,18,False,0.220183,0.923098,0.692315,0.344492,0.338746,0.765863,0.212995,0.65797,0.575883,0.118314,0.002732,3.7543,3.7311,43,16
random,3,0.2,500,18,False,0.201691,0.89151,0.678614,0.334718,0.34778,0.809352,0.202711,0.658104,0.572928,0.119556,-0.021405,3.7016,3.6363,34,13
random,3,0.2,1000,18,False,0.198739,0.909792,0.730329,0.356618,0.339644,0.819128,0.201246,0.656937,0.612579,0.113529,-0.015621,3.8034,3.5704,38,17
random,4,0.2,500,18,False,0.180938,0.856746,0.725896,0.328873,0.344095,0.759495,0.17751,0.658851,0.612607,0.114903,-0.044789,3.7211,3.6418,36,18
random,4,0.2,1000,18,False,0.173482,0.89775,0.73229,0.353911,0.338249,0.871706,0.179004,0.654973,0.592377,0.115136,-0.030314,3.8087,3.5353,40,21
random,5,0.2,500,18,False,0.184207,0.853463,0.69584,0.336663,0.344754,0.857933,0.186393,0.659891,0.635028,0.11363,-0.008919,3.7159,3.5758,40,13
random,5,0.2,1000,18,False,0.165611,0.938543,0.665984,0.335447,0.340154,0.766989,0.154685,0.659213,0.634741,0.109582,-0.011269,3.7278,3.6878,32,13
random,6,0.2,500,18,False,0.212565,0.974935,0.697761,0.324777,0.351799,0.768121,0.199841,0.658203,0.587041,0.11593,-0.018927,3.6943,3.717,44,13
random,6,0.2,1000,18,False,0.178353,0.895295,0.637633,0.327331,0.344092,0.758457,0.175955,0.660017,0.656365,0.108358,-0.01292,3.6904,3.6552,36,9
random,7,0.2,500,18,False,0.175298,0.879238,0.696855,0.344656,0.340344,0.741246,0.185554,0.656664,0.620374,0.114573,0.003818,3.7481,3.7229,38,14
random,7,0.2,1000,18,False,0.206827,0.871247,0.706287,0.341659,0.34213,0.768335,0.197734,0.660916,0.618334,0.112139,-0.023199,3.724,3.6542,50,15
random,8,0.2,500,18,False,0.161702,0.891615,0.687844,0.351986,0.327313,0.820334,0.161168,0.657151,0.638771,0.111722,-0.032493,3.7809,3.5089,41,13
random,8,0.2,1000,18,False,0.204564,0.873198,0.700527,0.335454,0.336783,0.836967,0.215525,0.659305,0.574735,0.118923,0.027166,3.6921,3.5512,34,15
random,9,0.2,500,18,False,0.158193,0.843344,0.736798,0.355014,0.332756,0.808322,0.177414,0.661474,0.603099,0.11544,0.026915,3.7985,3.6608,39,22
random,9,0.2,1000,18,False,0.17876,0.878577,0.722545,0.353487,0.33901,0.812364,0.174963,0.658983,0.611241,0.113836,-0.004721,3.8028,3.5925,38,15
random,10,0.2,500,18,False,0.205568,0.867369,0.7189,0.340414,0.34294,0.745798,0.199265,0.655563,0.614976,0.111557,-0.02549,3.7563,3.7028,44,17
random,10,0.2,1000,18,False,0.176506,0.952449,0.669475,0.334293,0.345534,0.88139,0.183645,0.660994,0.621632,0.117224,0.023908,3.7518,3.4445,32,13
small_world,1,0.2,500,18,False,0.163807,0.809871,0.704514,0.341911,0.254169,0.700442,0.116049,0.659607,0.607682,0.145105,0.07543,3.6962,3.6134,26,16
small_world,1,0.2,1000,18,False,0.155956,0.862869,0.665106,0.332831,0.25424,0.827101,0.120561,0.656526,0.61197,0.146106,-0.077677,3.7161,3.4433,41,14
small_world,2,0.2,500,18,False,0.174693,0.834145,0.710982,0.342023,0.262224,0.654202,0.163176,0.658062,0.608715,0.144601,-0.051572,3.7509,3.7844,38,15
small_world,2,0.2,1000,18,False,0.20172,0.840362,0.654691,0.327449,0.280996,0.808998,0.16372,0.661136,0.589122,0.146247,-0.037485,3.7085,3.5994,42,12
small_world,3,0.2,500,18,False,0.152949,0.888507,0.67428,0.329069,0.258358,0.747082,0.087614,0.657604,0.620328,0.146358,-0.065911,3.7119,3.5533,33,11
small_world,3,0.2,1000,18,False,0.199361,0.952415,0.684777,0.324567,0.265522,0.75862,0.159733,0.659161,0.601944,0.14024,-0.025593,3.6873,3.575,48,15
small_world,4,0.2,500,18,False,0.170103,0.841737,0.714609,0.34066,0.26432,0.744534,0.135788,0.656276,0.597871,0.141693,-0.030409,3.7354,3.5408,38,14
small_world,4,0.2,1000,18,False,0.185966,0.870504,0.678397,0.334869,0.271341,0.668531,0.139129,0.659609,0.578573,0.14206,0.104255,3.7077,3.7548,32,13
small_world,5,0.2,500,18,False,0.150582,0.867121,0.68944,0.344685,0.27391,0.718251,0.109328,0.658172,0.615944,0.139744,0.005503,3.7816,3.6945,37,12
small_world,5,0.2,1000,18,False,0.158975,0.884469,0.671631,0.33965,0.273315,0.669439,0.122919,0.660769,0.625068,0.137371,0.026151,3.7308,3.709,29,9
small_world,6,0.2,500,18,False,0.21588,0.897374,0.678878,0.329173,0.290322,0.689238,0.134183,0.654223,0.58186,0.145081,-0.038732,3.682,3.7152,45,15
small_world,6,0.2,1000,18,False,0.186023,0.848505,0.682356,0.362316,0.266279,0.72725,0.141487,0.659948,0.625745,0.141024,0.00301,3.7665,3.5979,40,9
small_world,7,0.2,500,18,False,0.178114,0.905616,0.700835,0.362451,0.259751,0.815232,0.137765,0.655363,0.595848,0.142001,0.048536,3.8114,3.4249,38,17
small_world,7,0.2,1000,18,False,0.207673,0.895647,0.728995,0.343635,0.27094,0.749406,0.180701,0.662125,0.597239,0.147408,-0.072932,3.7534,3.5569,47,20
small_world,8,0.2,500,18,False,0.153443,0.885495,0.670408,0.339916,0.257981,0.628507,0.14259,0.660822,0.609791,0.141663,-0.000337,3.7605,3.7847,38,10
small_world,8,0.2,1000,18,False,0.219956,0.931193,0.709971,0.356787,0.272201,0.664491,0.167692,0.654618,0.596299,0.142618,-0.023735,3.7919,3.7399,40,15
small_world,9,0.2,500,18,False,0.185297,0.942644,0.709269,0.340354,0.267689,0.797484,0.124341,0.656699,0.602913,0.1438,0.03184,3.762,3.4729,39,18
small_world,9,0.2,1000,18,False,0.166408,0.909,0.683974,0.348906,0.268594,0.639846,0.100014,0.653074,0.610841,0.140503,0.01968,3.7932,3.8008,37,15
small_world,10,0.2,500,18,False,0.199191,0.873296,0.683299,0.341083,0.274743,0.655621,0.164457,0.660952,0.60212,0.145986,-0.001078,3.7487,3.7525,44,15
small_world,10,0.2,1000,18,False,0.186003,0.80548,0.687613,0.349541,0.281393,0.787833,0.122767,0.659021,0.597735,0.146378,-0.01069,3.7509,3.6714,40,13
von_neumann,1,0.3,500,18,False,0.1611,0.881117,0.693283,0.327332,0.200698,0.558539,0.089288,0.660102,0.599142,0.22364,-0.015973,3.7075,3.5738,39,14
von_neumann,1,0.3,1000,18,False,0.19286,0.887957,0.689605,0.331691,0.22022,0.707188,0.129384,0.658982,0.580367,0.221936,-0.016578,3.7116,3.417,40,13
von_neumann,2,0.3,500,18,False,0.169652,0.952142,0.711389,0.332417,0.20608,0.527716,0.116998,0.662289,0.606201,0.233372,0.010565,3.7358,3.7755,40,18
von_neumann,2,0.3,1000,18,False,0.189872,0.879566,0.706983,0.341438,0.226956,0.82083,0.115314,0.65744,0.590812,0.225589,-0.021753,3.7597,3.1631,39,19
von_neumann,3,0.3,500,18,False,0.219636,0.985761,0.712193,0.332207,0.217375,0.769668,0.17187,0.656704,0.552454,0.242692,0.021293,3.7026,3.3661,32,18
von_neumann,3,0.3,1000,18,False,0.174982,0.884022,0.684735,0.329692,0.219349,0.590684,0.145387,0.65859,0.587591,0.224938,0.072237,3.7246,3.6681,38,13
von_neumann,4,0.3,500,18,False,0.196526,0.954895,0.726065,0.33618,0.230362,0.596191,0.123709,0.657915,0.574794,0.229279,0.005027,3.7477,3.6388,38,18
von_neumann,4,0.3,1000,18,False,0.193912,0.856443,0.688,0.348503,0.232344,0.630736,0.130027,0.657585,0.560374,0.23509,0.041156,3.7655,3.6589,35,16
von_neumann,5,0.3,500,18,False,0.115361,0.872931,0.650124,0.354254,0.231802,0.62584,0.087404,0.653752,0.606856,0.22412,-0.000999,3.7802,3.6747,35,7
von_neumann,5,0.3,1000,18,False,0.157266,0.813127,0.660566,0.347599,0.220432,0.690996,0.103761,0.659443,0.601565,0.230839,-0.007626,3.7817,3.4787,44,12
von_neumann,6,0.3,500,18,False,0.208255,0.943793,0.664729,0.329558,0.223079,0.686634,0.155022,0.66014,0.573725,0.231451,-0.010411,3.6978,3.4773,46,11
von_neumann,6,0.3,1000,18,False,0.168476,0.868422,0.715725,0.355073,0.211531,0.733201,0.113022,0.660335,0.595361,0.232742,0.033592,3.7713,3.3627,31,15
von_neumann,7,0.3,500,18,False,0.161846,0.852181,0.632251,0.323444,0.213517,0.633317,0.109317,0.659658,0.596488,0.232961,-0.017961,3.6907,3.5171,38,8
von_neumann,7,0.3,1000,18,False,0.183495,0.896774,0.698828,0.344512,0.226422,0.746906,0.104865,0.660907,0.59003,0.220112,0.059797,3.7679,3.3385,41,14
von_neumann,8,0.3,500,18,False,0.169043,0.897636,0.671689,0.352075,0.223572,0.665977,0.123118,0.657278,0.595665,0.22753,-0.065404,3.7667,3.5194,39,10
von_neumann,8,0.3,1000,18,False,0.180825,0.855283,0.685489,0.326778,0.214974,0.633597,0.147977,0.660618,0.577865,0.237904,0.013431,3.7028,3.5148,41,16
von_neumann,9,0.3,500,18,False,0.236609,0.983125,0.704837,0.312358,0.220846,0.684098,0.161899,0.657661,0.566581,0.231227,-0.001841,3.6158,3.4332,37,18
von_neumann,9,0.3,1000,18,False,0.214244,0.933153,0.713134,0.344134,0.215744,0.647894,0.13269,0.660868,0.561443,0.242046,0.041855,3.7494,3.4829,42,21
von_neumann,10,0.3,500,18,False,0.166015,0.884021,0.717001,0.355173,0.226629,0.646448,0.097452,0.656386,0.590692,0.233613,-0.036261,3.812,3.5605,36,14
von_neumann,10,0.3,1000,18,False,0.194903,0.875303,0.703645,0.336371,0.210321,0.66238,0.157847,0.656484,0.587106,0.235608,-0.075087,3.7247,3.444,45,15
moore,1,0.3,500,18,False,0.170762,0.943057,0.693242,0.353265,0.228225,0.67883,0.080262,0.659998,0.614093,0.142293,0.042042,3.7735,3.3262,24,14
moore,1,0.3,1000,18,False,0.202862,0.923808,0.702444,0.32276,0.243049,0.647284,0.105945,0.663392,0.577739,0.136206,0.024457,3.6998,3.5851,22,15
moore,2,0.3,500,18,False,0.186479,0.923348,0.729059,0.343826,0.232017,0.563842,0.101204,0.6651,0.63006,0.142026,0.008896,3.7637,3.6548,23,13
moore,2,0.3,1000,18,False,0.220686,0.905942,0.718257,0.326207,0.254135,0.83278,0.096279,0.664221,0.576255,0.13913,0.082784,3.6714,3.3252,24,16
moore,3,0.3,500,18,False,0.22459,0.874017,0.696608,0.335484,0.246792,0.717583,0.122192,0.6622,0.573551,0.149629,0.072702,3.7041,3.4551,15,14
moore,3,0.3,1000,18,False,0.161298,0.893384,0.687409,0.343124,0.233811,0.58027,0.071135,0.658706,0.614816,0.136319,0.070294,3.7684,3.5075,24,12
moore,4,0.3,500,18,False,0.223464,0.910014,0.754514,0.350734,0.253845,0.627229,0.106116,0.663151,0.569298,0.144331,0.107441,3.7904,3.5386,17,18
moore,4,0.3,1000,18,False,0.228053,0.953295,0.698318,0.322985,0.258546,0.755617,0.098888,0.661174,0.564608,0.147415,0.098948,3.6788,3.4853,17,11
moore,5,0.3,500,18,False,0.14716,0.894002,0.691277,0.3432,0.249945,0.749694,0.079676,0.662314,0.606021,0.137901,0.0346,3.7729,3.4686,23,13
moore,5,0.3,1000,18,False,0.199115,0.916201,0.704476,0.329638,0.24289,0.607234,0.11327,0.662198,0.59643,0.142084,-0.021863,3.737,3.583,24,11
moore,6,0.3,500,18,False,0.251259,0.923058,0.697795,0.322702,0.242247,0.69373,0.107127,0.66511,0.576752,0.142454,0.061492,3.6596,3.4912,24,10
moore,6,0.3,1000,18,False,0.190049,0.87462,0.708648,0.345155,0.221176,0.564503,0.095332,0.662692,0.598142,0.146248,0.080356,3.7828,3.6918,19,14
moore,7,0.3,500,18,False,0.183368,0.855649,0.702284,0.344449,0.240473,0.572074,0.103391,0.661742,0.58751,0.150156,0.058333,3.7643,3.6005,22,14
moore,7,0.3,1000,18,False,0.231748,0.896795,0.729295,0.334939,0.26922,0.735587,0.108959,0.661504,0.569731,0.139424,0.034609,3.6777,3.5638,21,17
moore,8,0.3,500,18,False,0.185741,0.936078,0.700118,0.31596,0.247268,0.885578,0.087672,0.663846,0.600704,0.140453,-0.002487,3.6733,3.1475,21,16
moore,8,0.3,1000,18,False,0.204663,0.870086,0.690708,0.334721,0.228667,0.563542,0.108343,0.658585,0.56223,0.14699,0.097952,3.7117,3.6377,18,9
moore,9,0.3,500,18,False,0.245254,0.945397,0.719944,0.331509,0.240516,0.611927,0.123194,0.663847,0.572605,0.151888,0.045282,3.7083,3.5898,21,15
moore,9,0.3,1000,18,False,0.246464,0.920571,0.708327,0.338779,0.246504,0.6787,0.097215,0.659004,0.559044,0.149974,0.032032,3.7368,3.3401,16,14
moore,10,0.3,500,18,False,0.2004,0.947168,0.734702,0.336783,0.250271,0.922454,0.10008,0.662947,0.578417,0.144592,0.041643,3.7458,3.1018,22,18
moore,10,0.3,1000,18,False,0.195708,0.937693,0.696562,0.342929,0.251554,0.704351,0.098038,0.662148,0.605893,0.140584,0.049261,3.7656,3.4952,22,12
hex,1,0.3,500,18,False,0.183104,0.910442,0.726085,0.329569,0.226248,0.549372,0.086092,0.661711,0.601414,0.160671,0.026638,3.685,3.6244,32,16
hex,1,0.3,1000,18,False,0.215567,0.90753,0.701282,0.334308,0.248683,0.6828,0.10772,0.664256,0.56926,0.157048,0.001234,3.7229,3.564,31,15
hex,2,0.3,500,18,False,0.177287,0.962538,0.722199,0.33911,0.23198,0.68478,0.097376,0.662117,0.610782,0.162533,0.038256,3.7626,3.4083,31,16
hex,2,0.3,1000,18,False,0.217732,0.923748,0.741139,0.328813,0.254303,0.672365,0.097264,0.662275,0.581744,0.160212,0.071302,3.7114,3.5742,24,16
hex,3,0.3,500,18,False,0.217375,0.912413,0.720618,0.340526,0.249783,0.787614,0.113571,0.659772,0.580612,0.169511,0.087185,3.7357,3.3514,33,17
hex,3,0.3,1000,18,False,0.169905,0.916403,0.669365,0.326629,0.245435,0.785235,0.101622,0.659813,0.586868,0.15795,0.080021,3.7127,3.239,33,12
hex,4,0.3,500,18,False,0.220887,0.890827,0.732983,0.341249,0.258151,0.730391,0.099087,0.662596,0.559729,0.164797,0.112293,3.7516,3.4084,22,20
hex,4,0.3,1000,18,False,0.225314,0.921511,0.71645,0.329398,0.266506,0.844659,0.10996,0.661425,0.559157,0.168789,0.070412,3.7061,3.3699,25,16
hex,5,0.3,500,18,False,0.142074,0.867863,0.654176,0.34905,0.259728,0.613691,0.078896,0.659001,0.598819,0.157264,0.033608,3.7654,3.7678,28,8
hex,5,0.3,1000,18,False,0.200632,0.868558,0.708488,0.319546,0.247535,0.683326,0.111704,0.663504,0.604874,0.161612,0.010741,3.656,3.4658,35,14
hex,6,0.3,500,18,False,0.231777,0.899369,0.742205,0.337201,0.245171,0.632487,0.110614,0.662966,0.565665,0.164774,0.05257,3.7196,3.6626,31,17
hex,6,0.3,1000,18,False,0.189562,0.891445,0.706958,0.334848,0.226874,0.61079,0.082141,0.661372,0.598486,0.166606,0.094199,3.7365,3.6271,23,15
hex,7,0.3,500,18,False,0.188551,0.910518,0.678157,0.33403,0.243539,0.788601,0.107622,0.662772,0.571548,0.173983,0.015169,3.7334,3.2513,26,12
hex,7,0.3,1000,18,False,0.232934,0.852526,0.766028,0.356643,0.264043,0.679946,0.122403,0.659278,0.569654,0.158495,0.038113,3.7981,3.6183,27,23
hex,8,0.3,500,18,False,0.185018,0.897761,0.704682,0.324091,0.252581,0.673328,0.08343,0.663643,0.59724,0.157939,-0.03055,3.6916,3.5264,29,15
hex,8,0.3,1000,18,False,0.20026,0.882855,0.695652,0.31628,0.24267,0.651143,0.121302,0.66027,0.571501,0.166344,0.092964,3.6704,3.6122,29,14
hex,9,0.3,500,18,False,0.247622,0.931339,0.707145,0.312945,0.24138,0.581545,0.121668,0.665148,0.574468,0.173151,0.060819,3.6371,3.5865,33,14
hex,9,0.3,1000,18,False,0.221128,0.925532,0.704795,0.327699,0.247429,0.756175,0.085116,0.661416,0.549475,0.171548,0.00924,3.703,3.3093,35,13
hex,10,0.3,500,18,False,0.186313,0.898828,0.692488,0.337411,0.249038,0.870072,0.106163,0.660871,0.588487,0.167471,-0.010148,3.7342,3.0859,27,14
hex,10,0.3,1000,18,False,0.210843,0.959827,0.712141,0.337986,0.248557,0.748076,0.128134,0.662264,0.590901,0.161836,0.010728,3.7442,3.385,24,16
random,1,0.3,500,18,False,0.181072,0.832404,0.686083,0.34042,0.342256,0.772491,0.195762,0.656905,0.564848,0.169688,0.011817,3.7337,3.7874,44,14
random,1,0.3,1000,18,False,0.218762,0.844304,0.727397,0.347742,0.345649,0.805248,0.220036,0.6562,0.560833,0.171661,0.026463,3.7578,3.6911,43,17
random,2,0.3,500,18,False,0.226608,0.897493,0.743413,0.327113,0.358208,0.780286,0.218511,0.657628,0.582622,0.170511,0.02258,3.6807,3.6636,36,20
random,2,0.3,1000,18,False,0.219659,0.918683,0.703095,0.344172,0.338925,0.824914,0.213365,0.65786,0.552312,0.171873,-0.000654,3.7802,3.6149,42,17
random,3,0.3,500,18,False,0.198821,0.915112,0.688203,0.33447,0.346485,0.803765,0.199982,0.658537,0.552362,0.174197,-0.008549,3.721,3.6603,34,13
random,3,0.3,1000,18,False,0.201367,0.895559,0.724013,0.353018,0.339559,0.828648,0.202022,0.65711,0.587821,0.164081,-0.018312,3.7998,3.5588,38,17
random,4,0.3,500,18,False,0.17992,0.891617,0.706442,0.328825,0.342762,0.771802,0.175635,0.658232,0.591563,0.167222,-0.049702,3.715,3.6355,36,17
random,4,0.3,1000,18,False,0.169904,0.894536,0.71597,0.354474,0.337701,0.851965,0.173937,0.654991,0.571074,0.167079,-0.031542,3.7965,3.5571,43,19
random,5,0.3,500,18,False,0.188131,0.846075,0.711053,0.335416,0.343874,0.880124,0.189679,0.65998,0.617149,0.166155,-0.008534,3.713,3.541,35,15
random,5,0.3,1000,18,False,0.167893,0.936506,0.696149,0.330543,0.339185,0.789584,0.153796,0.658809,0.617506,0.15946,-0.002975,3.7354,3.6672,33,13
random,6,0.3,500,18,False,0.212309,0.952063,0.676276,0.321246,0.353242,0.752237,0.199462,0.658371,0.56698,0.168862,-0.014098,3.6696,3.7231,45,12
random,6,0.3,1000,18,False,0.17945,0.866146,0.638057,0.326916,0.345633,0.825471,0.177904,0.659877,0.637916,0.157741,-0.014157,3.6936,3.5496,34,11
random,7,0.3,500,18,False,0.170837,0.867071,0.680425,0.338655,0.337146,0.72411,0.181866,0.656914,0.606562,0.166215,0.003824,3.7437,3.7326,36,12
random,7,0.3,1000,18,False,0.205287,0.875646,0.703033,0.341841,0.342877,0.757331,0.195507,0.660666,0.597927,0.16282,-0.01111,3.7498,3.6957,48,16
random,8,0.3,500,18,False,0.165397,0.88523,0.681708,0.349669,0.326508,0.839277,0.165155,0.65715,0.621996,0.162402,-0.040656,3.7616,3.4857,43,11
random,8,0.3,1000,18,False,0.20515,0.892107,0.701182,0.334985,0.335052,0.841967,0.215096,0.658848,0.550239,0.172688,0.032363,3.6779,3.5587,33,15
random,9,0.3,500,18,False,0.152246,0.849151,0.723496,0.357641,0.330423,0.873522,0.17032,0.660769,0.585789,0.167868,0.0318,3.801,3.5384,39,19
random,9,0.3,1000,18,False,0.175397,0.852506,0.701363,0.352133,0.338644,0.824466,0.171828,0.65913,0.591648,0.165257,-0.01176,3.7951,3.5693,36,15
random,10,0.3,500,18,False,0.204482,0.874948,0.721068,0.343135,0.34223,0.775122,0.197844,0.655361,0.594174,0.162799,-0.020428,3.7433,3.6414,41,17
random,10,0.3,1000,18,False,0.175451,0.949543,0.689071,0.339244,0.346373,0.876151,0.180028,0.660199,0.600618,0.170589,0.03141,3.7584,3.4808,35,14
small_world,1,0.3,500,18,False,0.162716,0.814017,0.702864,0.344986,0.250759,0.6652,0.1148,0.659807,0.584754,0.21413,0.082154,3.7376,3.6845,28,15
small_world,1,0.3,1000,18,False,0.159975,0.86855,0.650464,0.328698,0.249177,0.789141,0.126108,0.657251,0.593304,0.214595,-0.086209,3.6838,3.5051,42,9
small_world,2,0.3,500,18,False,0.173148,0.870281,0.695009,0.346489,0.258682,0.675857,0.163523,0.657825,0.589223,0.212491,-0.048863,3.7632,3.721,38,14
small_world,2,0.3,1000,18,False,0.204851,0.85748,0.674502,0.321601,0.277561,0.806978,0.162093,0.661354,0.567315,0.214965,-0.044946,3.6545,3.5737,40,12
small_world,3,0.3,500,18,False,0.153669,0.881666,0.689173,0.329002,0.255847,0.723755,0.087012,0.657367,0.594758,0.214687,-0.069118,3.7122,3.609,33,13
small_world,3,0.3,1000,18,False,0.196047,0.94903,0.691079,0.325469,0.258883,0.731414,0.157384,0.658696,0.582257,0.20667,-0.026206,3.7039,3.6179,51,15
small_world,4,0.3,500,18,False,0.1693,0.834203,0.722968,0.343953,0.260407,0.790402,0.132817,0.656143,0.575244,0.208444,-0.022401,3.7683,3.4537,40,14
small_world,4,0.3,1000,18,False,0.185142,0.892082,0.667601,0.332008,0.266955,0.623925,0.138057,0.659719,0.553519,0.209536,0.100825,3.72,3.8095,34,11
small_world,5,0.3,500,18,False,0.149419,0.889039,0.696117,0.342972,0.26927,0.743402,0.107953,0.658805,0.600411,0.20556,0.032686,3.759,3.6088,40,12
small_world,5,0.3,1000,18,False,0.157543,0.928274,0.681633,0.339474,0.269652,0.690752,0.122448,0.660051,0.605802,0.201602,0.030427,3.7481,3.6645,29,7
small_world,6,0.3,500,18,False,0.218179,0.890792,0.701314,0.330087,0.286113,0.700755,0.136198,0.653871,0.55488,0.212334,-0.038234,3.6721,3.6996,44,16
small_world,6,0.3,1000,18,False,0.183384,0.88023,0.666921,0.362413,0.261343,0.727594,0.138657,0.659656,0.604862,0.20664,0.004281,3.7719,3.5761,36,11
small_world,7,0.3,500,18,False,0.173141,0.933218,0.693351,0.363578,0.253432,0.815141,0.133506,0.655234,0.578061,0.209405,0.036035,3.8275,3.4135,42,16
small_world,7,0.3,1000,18,False,0.208464,0.906286,0.742594,0.342562,0.266427,0.758325,0.181008,0.661812,0.574944,0.216847,-0.075111,3.7487,3.5327,47,21
small_world,8,0.3,500,18,False,0.148748,0.890565,0.659384,0.339961,0.252062,0.639899,0.13972,0.660777,0.594662,0.20835,-0.005275,3.7561,3.74,33,11
small_world,8,0.3,1000,18,False,0.221118,0.901156,0.728002,0.353328,0.269069,0.655725,0.166103,0.655303,0.573262,0.208865,-0.018999,3.7953,3.7858,40,18
small_world,9,0.3,500,18,False,0.183939,0.941697,0.697687,0.339976,0.264157,0.83117,0.122133,0.656567,0.582154,0.21166,0.027101,3.7482,3.3936,40,16
small_world,9,0.3,1000,18,False,0.166449,0.882499,0.702783,0.345913,0.265215,0.617881,0.099634,0.652728,0.590076,0.205728,0.020815,3.7793,3.8591,40,15
small_world,10,0.3,500,18,False,0.198567,0.870912,0.682112,0.343415,0.269942,0.653972,0.165532,0.660645,0.578688,0.214718,-0.013158,3.7467,3.7476,44,15
small_world,10,0.3,1000,18,False,0.182084,0.840818,0.700442,0.35357,0.27885,0.795255,0.117108,0.65871,0.579656,0.214539,-0.009115,3.7952,3.6356,42,15
