connectome,seed,noise,tick,N,K,mean_self,max_self,p95_self,std_self,mean_phi,max_phi,mean_R,mean_T,mean_E,mean_err
c_elegans,1,0.04,1000,448,14,0.199369,0.92016,0.729444,0.339158,0.38006,0.802608,0.186697,0.658792,0.924565,0.02915
c_elegans,2,0.04,1000,448,14,0.203708,0.951058,0.688492,0.330886,0.371245,0.91384,0.187479,0.656771,0.924626,0.027804
c_elegans,3,0.04,1000,448,14,0.198622,0.905053,0.700873,0.352873,0.368392,0.830798,0.185852,0.660414,0.927176,0.028005
c_elegans,4,0.04,1000,448,14,0.207118,0.921862,0.707521,0.343397,0.373662,0.80533,0.182429,0.659357,0.925653,0.027682
c_elegans,5,0.04,1000,448,14,0.215946,0.861379,0.661965,0.310022,0.363482,0.868554,0.196755,0.662761,0.92221,0.029557
c_elegans,6,0.04,1000,448,14,0.191766,0.929539,0.677656,0.327928,0.378846,0.814175,0.173264,0.658459,0.925426,0.027697
c_elegans,7,0.04,1000,448,14,0.195926,0.86324,0.714005,0.34332,0.368821,0.8262,0.171266,0.660171,0.921585,0.030076
c_elegans,8,0.04,1000,448,14,0.204414,0.899569,0.712978,0.331388,0.373369,0.89146,0.178416,0.657832,0.919335,0.028763
c_elegans,9,0.04,1000,448,14,0.187951,0.984351,0.708974,0.330408,0.384752,0.880823,0.152381,0.661528,0.929671,0.027703
c_elegans,10,0.04,1000,448,14,0.169636,0.925655,0.700232,0.340542,0.370392,0.776774,0.146704,0.659884,0.922063,0.029296
c_elegans,11,0.04,1000,448,14,0.195548,0.948233,0.715809,0.351437,0.359865,0.832198,0.176873,0.65817,0.930808,0.028884
c_elegans,12,0.04,1000,448,14,0.201335,0.879618,0.689745,0.319759,0.369167,0.839722,0.185691,0.660138,0.921811,0.027784
c_elegans,13,0.04,1000,448,14,0.181895,0.885345,0.674902,0.332546,0.376332,0.815696,0.159614,0.657782,0.934331,0.02867
c_elegans,14,0.04,1000,448,14,0.200594,0.894395,0.712964,0.34034,0.375035,0.833206,0.185613,0.659849,0.920965,0.028687
c_elegans,15,0.04,1000,448,14,0.208765,0.925002,0.695906,0.345432,0.384379,0.835304,0.186752,0.659673,0.920098,0.027456
c_elegans,16,0.04,1000,448,14,0.175715,0.918773,0.72951,0.343908,0.376512,0.773383,0.164729,0.658735,0.92306,0.027451
c_elegans,17,0.04,1000,448,14,0.200819,0.888773,0.697706,0.327256,0.378059,0.840766,0.168694,0.65896,0.925375,0.028442
c_elegans,18,0.04,1000,448,14,0.163192,0.965437,0.687705,0.331087,0.366029,0.897588,0.141033,0.655952,0.92058,0.027778
c_elegans,19,0.04,1000,448,14,0.212416,0.94794,0.704105,0.324861,0.385584,0.756823,0.17414,0.658201,0.918691,0.027941
c_elegans,20,0.04,1000,448,14,0.202018,0.895326,0.690216,0.33022,0.380196,0.83122,0.189799,0.659757,0.923265,0.028775
c_elegans,1,0.08,1000,448,14,0.195097,0.931103,0.71838,0.352247,0.356732,0.911036,0.173646,0.658197,0.819143,0.041096
c_elegans,2,0.08,1000,448,14,0.203063,0.947019,0.689831,0.326457,0.353274,0.889714,0.183975,0.658631,0.820607,0.037987
c_elegans,3,0.08,1000,448,14,0.214396,0.904196,0.721091,0.344045,0.349273,0.821624,0.193091,0.6609,0.821014,0.038176
c_elegans,4,0.08,1000,448,14,0.210325,0.936942,0.71442,0.345909,0.355842,0.815078,0.172618,0.658605,0.821315,0.03829
c_elegans,5,0.08,1000,448,14,0.227503,0.87581,0.678864,0.320143,0.34235,0.788618,0.186295,0.660955,0.815107,0.040896
c_elegans,6,0.08,1000,448,14,0.177308,0.869847,0.655111,0.319125,0.352963,0.813259,0.150899,0.659024,0.821508,0.038105
c_elegans,7,0.08,1000,448,14,0.194421,0.838392,0.686441,0.335246,0.349753,0.881134,0.159022,0.660306,0.813646,0.041233
c_elegans,8,0.08,1000,448,14,0.210253,0.906056,0.742878,0.338825,0.354577,0.91686,0.172381,0.658533,0.813523,0.040962
c_elegans,9,0.08,1000,448,14,0.200256,0.950441,0.698987,0.324964,0.364353,0.85888,0.145265,0.661596,0.821286,0.038055
c_elegans,10,0.08,1000,448,14,0.155361,0.880484,0.680018,0.331473,0.345191,0.757196,0.124333,0.660043,0.819188,0.041746
c_elegans,11,0.08,1000,448,14,0.195911,0.887427,0.695156,0.343921,0.332298,0.860577,0.159,0.658809,0.835501,0.039598
c_elegans,12,0.08,1000,448,14,0.186959,0.861775,0.669016,0.323505,0.346764,0.745866,0.160978,0.660452,0.81727,0.038504
c_elegans,13,0.08,1000,448,14,0.176529,0.905821,0.661841,0.330189,0.35587,0.757203,0.146279,0.660234,0.835862,0.039446
c_elegans,14,0.08,1000,448,14,0.193165,0.89188,0.703325,0.34757,0.346711,0.789232,0.169916,0.660706,0.813441,0.040092
c_elegans,15,0.08,1000,448,14,0.208605,0.908665,0.699345,0.342588,0.360582,0.869209,0.173067,0.661384,0.80415,0.038091
c_elegans,16,0.08,1000,448,14,0.178036,0.902982,0.70698,0.343509,0.349613,0.761873,0.151618,0.658194,0.823022,0.037062
c_elegans,17,0.08,1000,448,14,0.199749,0.888047,0.72593,0.336541,0.359683,0.882313,0.152407,0.658239,0.821851,0.039114
c_elegans,18,0.08,1000,448,14,0.152089,0.91194,0.654291,0.33312,0.341485,0.744755,0.125026,0.655949,0.820171,0.03862
c_elegans,19,0.08,1000,448,14,0.222381,0.933261,0.687101,0.316028,0.367019,0.799165,0.173782,0.659976,0.812647,0.038248
c_elegans,20,0.08,1000,448,14,0.192539,0.884802,0.674206,0.337894,0.361919,0.787104,0.16591,0.658704,0.815206,0.039872
c_elegans,1,0.12,1000,448,14,0.191648,0.94381,0.704836,0.351931,0.341187,0.825698,0.162182,0.657939,0.740832,0.055215
c_elegans,2,0.12,1000,448,14,0.198892,0.912588,0.688775,0.329738,0.342514,0.852284,0.179066,0.659664,0.743748,0.05036
c_elegans,3,0.12,1000,448,14,0.225031,0.874077,0.706526,0.334238,0.337231,0.857761,0.196434,0.660606,0.738076,0.050761
c_elegans,4,0.12,1000,448,14,0.210358,0.901421,0.699012,0.341134,0.344724,0.850142,0.162837,0.659125,0.745237,0.051176
c_elegans,5,0.12,1000,448,14,0.227951,0.86936,0.699774,0.332637,0.331804,0.809905,0.170132,0.659714,0.734874,0.05443
c_elegans,6,0.12,1000,448,14,0.170082,0.837331,0.653613,0.319762,0.335239,0.781586,0.139408,0.659581,0.746644,0.050938
c_elegans,7,0.12,1000,448,14,0.195449,0.881983,0.692344,0.331442,0.337087,0.900076,0.150396,0.660054,0.73288,0.054506
c_elegans,8,0.12,1000,448,14,0.212656,0.908949,0.737167,0.33719,0.344319,0.903134,0.164744,0.659179,0.736704,0.055496
c_elegans,9,0.12,1000,448,14,0.209007,0.923389,0.691085,0.32758,0.350546,0.859259,0.143797,0.661187,0.73642,0.050577
c_elegans,10,0.12,1000,448,14,0.155371,0.8516,0.683978,0.323905,0.331387,0.766774,0.117501,0.660524,0.744117,0.056455
c_elegans,11,0.12,1000,448,14,0.193923,0.873972,0.667434,0.330002,0.317347,0.837347,0.146032,0.660107,0.763234,0.052542
c_elegans,12,0.12,1000,448,14,0.183,0.906113,0.664723,0.325202,0.331842,0.806231,0.147394,0.660887,0.739227,0.051586
c_elegans,13,0.12,1000,448,14,0.178824,0.883955,0.656388,0.332327,0.342316,0.771237,0.145801,0.660412,0.758479,0.052346
c_elegans,14,0.12,1000,448,14,0.187613,0.934065,0.706038,0.34522,0.328341,0.839742,0.156545,0.661235,0.740372,0.053827
c_elegans,15,0.12,1000,448,14,0.207969,0.897644,0.721958,0.339532,0.345471,0.815591,0.162429,0.661694,0.720728,0.051117
c_elegans,16,0.12,1000,448,14,0.180416,0.896046,0.681505,0.341864,0.333926,0.777139,0.143129,0.657548,0.750458,0.048975
c_elegans,17,0.12,1000,448,14,0.204461,0.953602,0.727125,0.337519,0.349032,0.88976,0.146064,0.657779,0.74228,0.052152
c_elegans,18,0.12,1000,448,14,0.152209,0.902662,0.666682,0.335719,0.329469,0.743871,0.121106,0.656946,0.746621,0.051796
c_elegans,19,0.12,1000,448,14,0.219586,0.948482,0.692265,0.318449,0.35467,0.813497,0.166196,0.660425,0.736754,0.050712
c_elegans,20,0.12,1000,448,14,0.191031,0.916212,0.705656,0.337471,0.34919,0.836633,0.153922,0.658035,0.732672,0.053309
c_elegans,1,0.2,1000,448,14,0.184843,0.920378,0.72685,0.345785,0.325562,0.794961,0.145291,0.657631,0.654837,0.08544
c_elegans,2,0.2,1000,448,14,0.189862,0.942802,0.696259,0.334555,0.332,0.843086,0.170263,0.66031,0.656945,0.07734
c_elegans,3,0.2,1000,448,14,0.229651,0.84978,0.711795,0.323308,0.325307,0.819833,0.192356,0.660205,0.648675,0.078313
c_elegans,4,0.2,1000,448,14,0.214325,0.889586,0.718073,0.335922,0.334524,0.805086,0.156267,0.660004,0.662692,0.079177
c_elegans,5,0.2,1000,448,14,0.225297,0.827924,0.7287,0.346569,0.323591,0.847265,0.14936,0.659134,0.640812,0.08368
c_elegans,6,0.2,1000,448,14,0.161478,0.89095,0.681882,0.329788,0.318139,0.816657,0.12709,0.65922,0.664853,0.079088
c_elegans,7,0.2,1000,448,14,0.199418,0.919735,0.698136,0.331217,0.325079,0.840717,0.143566,0.659679,0.642727,0.083132
c_elegans,8,0.2,1000,448,14,0.214608,0.891145,0.72591,0.332031,0.335315,0.85332,0.155765,0.659696,0.651058,0.086693
c_elegans,9,0.2,1000,448,14,0.217662,0.904879,0.728013,0.333647,0.336796,0.858512,0.142967,0.660935,0.644489,0.077779
c_elegans,10,0.2,1000,448,14,0.162955,0.876378,0.661139,0.314889,0.319724,0.852321,0.115234,0.661147,0.66084,0.087948
c_elegans,11,0.2,1000,448,14,0.190118,0.847348,0.646758,0.324577,0.304323,0.771847,0.134044,0.660553,0.683826,0.080761
c_elegans,12,0.2,1000,448,14,0.185933,0.900876,0.686639,0.322952,0.316905,0.82546,0.137315,0.661062,0.649433,0.080118
c_elegans,13,0.2,1000,448,14,0.183759,0.88107,0.68021,0.337142,0.328972,0.790978,0.150633,0.659964,0.670043,0.080281
c_elegans,14,0.2,1000,448,14,0.18251,0.954697,0.697116,0.340222,0.311092,0.804904,0.142516,0.661294,0.668406,0.083527
c_elegans,15,0.2,1000,448,14,0.205962,0.9097,0.730783,0.341541,0.330247,0.795494,0.149786,0.661925,0.627373,0.07952
c_elegans,16,0.2,1000,448,14,0.179539,0.844215,0.664006,0.337663,0.319732,0.784126,0.132634,0.657492,0.669687,0.075161
c_elegans,17,0.2,1000,448,14,0.210089,0.982617,0.715653,0.341953,0.338788,0.861047,0.141575,0.658077,0.65055,0.080603
c_elegans,18,0.2,1000,448,14,0.157422,0.918629,0.656492,0.334644,0.319616,0.759691,0.122694,0.658364,0.664761,0.080451
c_elegans,19,0.2,1000,448,14,0.208802,0.934847,0.693269,0.323972,0.340826,0.827351,0.152746,0.65992,0.655157,0.077863
c_elegans,20,0.2,1000,448,14,0.188836,0.856291,0.687561,0.335616,0.335545,0.877725,0.141298,0.657945,0.643513,0.082449
c_elegans,1,0.3,1000,448,14,0.180981,0.916771,0.706381,0.341184,0.3176,0.849365,0.134884,0.657838,0.612029,0.12397
c_elegans,2,0.3,1000,448,14,0.179967,0.941003,0.713477,0.337799,0.326478,0.897471,0.161188,0.660251,0.611898,0.1121
c_elegans,3,0.3,1000,448,14,0.226889,0.893394,0.702807,0.32032,0.319619,0.799449,0.18547,0.660062,0.603925,0.113858
c_elegans,4,0.3,1000,448,14,0.216152,0.901577,0.717234,0.339207,0.330106,0.827671,0.15357,0.659895,0.620213,0.115164
c_elegans,5,0.3,1000,448,14,0.223451,0.855122,0.712205,0.350476,0.32018,0.864337,0.138685,0.65894,0.588434,0.121167
c_elegans,6,0.3,1000,448,14,0.156679,0.880395,0.705261,0.337445,0.309839,0.822719,0.120237,0.658948,0.623195,0.115431
c_elegans,7,0.3,1000,448,14,0.20247,0.918218,0.726206,0.332832,0.319316,0.78224,0.141273,0.659157,0.595666,0.119859
c_elegans,8,0.3,1000,448,14,0.215461,0.880026,0.699201,0.329803,0.330884,0.85593,0.151532,0.660173,0.606633,0.126523
c_elegans,9,0.3,1000,448,14,0.221096,0.938036,0.727232,0.33804,0.330201,0.834545,0.142489,0.660692,0.599027,0.112805
c_elegans,10,0.3,1000,448,14,0.170971,0.903789,0.647934,0.313037,0.31467,0.883142,0.117726,0.661082,0.616211,0.128067
c_elegans,11,0.3,1000,448,14,0.186998,0.866511,0.658737,0.326028,0.298645,0.784687,0.129557,0.660707,0.642951,0.117129
c_elegans,12,0.3,1000,448,14,0.189531,0.917793,0.717821,0.324489,0.309371,0.77531,0.133385,0.661109,0.601707,0.116844
c_elegans,13,0.3,1000,448,14,0.186862,0.880559,0.679253,0.339506,0.322503,0.832108,0.154949,0.659494,0.62141,0.116135
c_elegans,14,0.3,1000,448,14,0.178428,0.955348,0.698374,0.338348,0.303154,0.740767,0.134517,0.661329,0.633678,0.121612
c_elegans,15,0.3,1000,448,14,0.205358,0.913601,0.716351,0.344518,0.322131,0.783745,0.144568,0.661905,0.576667,0.116034
c_elegans,16,0.3,1000,448,14,0.178721,0.825887,0.648647,0.33448,0.31329,0.822778,0.127395,0.6581,0.626781,0.108983
c_elegans,17,0.3,1000,448,14,0.214355,0.977535,0.731267,0.34671,0.333901,0.870814,0.142222,0.658216,0.602261,0.11723
c_elegans,18,0.3,1000,448,14,0.161326,0.903865,0.639711,0.334202,0.31492,0.776818,0.125959,0.659019,0.622041,0.117313
c_elegans,19,0.3,1000,448,14,0.201636,0.915426,0.669329,0.326994,0.332344,0.766227,0.146061,0.659288,0.614541,0.112773
c_elegans,20,0.3,1000,448,14,0.184953,0.848206,0.675856,0.335145,0.328405,0.858442,0.132641,0.658264,0.600029,0.119802
